"","GISJOIN","State","H_Units","RW_Wells","NHU_Wells","DR_RW","DR_NHU","predicted","residuals"
"1","G30006900001001","Montana",324,180.464380587629,178,0.557,0.5494,0.562477710355664,-0.00547771035567795
"2","G30001300008001","Montana",482,6.39989066220373,6,0.0133,0.0124,0.0172038047283031,-0.00390380472832608
"3","G30001300007002","Montana",450,1.84039201123382,1,0.0041,0.0022,0.00684664674431967,-0.00274664674432092
"4","G30001300007001","Montana",554,12.1393886058267,12,0.0219,0.0217,0.0266470958313467,-0.00474709583134803
"5","G30001300108003","Montana",494,0.13486121009238,0,3e-04,0,0.00461274992424482,-0.00431274992424611
"6","G30001300010004","Montana",284,0,0,0,0,0.00461274992424482,-0.00461274992424613
"7","G30001300108002","Montana",748,0,0,0,0,0.00461274992424482,-0.00461274992424613
"8","G30001300010003","Montana",273,0,0,0,0,0.00461274992424482,-0.00461274992424613
"9","G30001300004002","Montana",355,0.161618970535229,0,5e-04,0,0.00461274992424482,-0.00411274992424613
"10","G30001300022004","Montana",1011,560.443545220921,551,0.5543,0.545,0.558009916715514,-0.00370991671551409
"11","G30001300022003","Montana",659,1.40843569464972,1,0.0021,0.0015,0.00613586139247767,-0.00403586139247898
"12","G30001300017001","Montana",282,77.1010267260232,66,0.2734,0.234,0.24221813896857,0.0311818610314296
"13","G30001300016004","Montana",366,1.94132446453448,1,0.0053,0.0027,0.00735435056706395,-0.00205435056706522
"14","G30001300017003","Montana",271,26.9940384826148,24,0.0996,0.0886,0.0945778673145319,0.005022132685467
"15","G30001300003004","Montana",337,0,0,0,0,0.00461274992424482,-0.00461274992424613
"16","G30001300003002","Montana",516,0,0,0,0,0.00461274992424482,-0.00461274992424613
"17","G30001300003003","Montana",319,0,0,0,0,0.00461274992424482,-0.00461274992424613
"18","G30001300002002","Montana",572,0,0,0,0,0.00461274992424482,-0.00461274992424613
"19","G30001300023002","Montana",428,0.543914204906584,1,0.0013,0.0023,0.00694818750886853,-0.00564818750886985
"20","G30001300023003","Montana",713,83.3656646266711,124,0.1169,0.1739,0.181192139474707,-0.0642921394747076
"21","G30001300023004","Montana",714,401.552379486651,315,0.5624,0.4412,0.452610603113801,0.109789396886199
"22","G30009300004002","Montana",650,1.04112453737277,0,0.0016,0,0.00461274992424482,-0.00301274992424614
"23","G30000900003003","Montana",402,59.4216672472285,32,0.1478,0.0796,0.0854391985051348,0.0623608014948641
"24","G30000900003002","Montana",427,5.94304905173575,1,0.0139,0.0023,0.00694818750886853,0.00695181249113015
"25","G30000900001001","Montana",304,376.712500349552,278,1.2392,0.9145,0.93320304172354,0.305996958276461
"26","G30000900001003","Montana",526,527.450826512535,458,1.0028,0.8707,0.88872818685114,0.11407181314886
"27","G30000900001002","Montana",322,72.7208081304499,23,0.2258,0.0714,0.0771128558121285,0.14868714418787
"28","G30000900002001","Montana",463,284.978236641204,191,0.6155,0.4125,0.423468403688279,0.192031596311721
"29","G30000900003001","Montana",901,202.550381276614,68,0.2248,0.0755,0.0812760271586316,0.143523972841367
"30","G30000900002002","Montana",411,42.9130984172329,33,0.1044,0.0803,0.0861499838569768,0.0182500161430221
"31","G30000900005001","Montana",798,635.525691141484,484,0.7964,0.6065,0.620457486913061,0.175942513086939
"32","G30000900004002","Montana",1160,1278.34323349178,881,1.102,0.7595,0.775814856672812,0.326185143327189
"33","G30000900004001","Montana",727,624.048813661333,495,0.8584,0.6809,0.69600381573741,0.16239618426259
"34","G30010509406002","Montana",406,348.28322856259,284,0.8578,0.6995,0.714890397943498,0.142909602056503
"35","G30010509406003","Montana",601,86.6873075527139,63,0.1442,0.1048,0.111027471171447,0.0331725288285523
"36","G30010501005002","Montana",714,43.5062469927068,35,0.0609,0.049,0.0543677245531846,0.00653227544681418
"37","G30010501005003","Montana",355,0.314939601329635,0,9e-04,0,0.00461274992424482,-0.00371274992424612
"38","G30010501001002","Montana",613,225.490333220341,177,0.3678,0.2887,0.297760937176794,0.0700390628232052
"39","G30010501001001","Montana",445,303.802124741428,276,0.6827,0.6202,0.634368571656254,0.0483314283437459
"40","G30010509406001","Montana",1339,184.909735431052,162,0.1381,0.121,0.127477075028361,0.0106229249716375
"41","G30010501005001","Montana",406,65.3854798712427,51,0.161,0.1256,0.132147950197609,0.0288520498023901
"42","G30001300022001","Montana",772,18.8697758375529,16,0.0244,0.0207,0.0256316881858582,-0.00123168818585946
"43","G30001300022005","Montana",395,113.718523307879,114,0.2879,0.2886,0.297659396412245,-0.00975939641224603
"44","G30001300021004","Montana",445,0.0162224381087432,0,0,0,0.00461274992424482,-0.00461274992424613
"45","G30001300021002","Montana",585,0.0299943080199308,0,1e-04,0,0.00461274992424482,-0.00451274992424614
"46","G30001300019001","Montana",517,0.0230724991217246,0,0,0,0.00461274992424482,-0.00461274992424613
"47","G30009300004003","Montana",519,3,0,0.0058,0,0.00461274992424482,0.00118725007575384
"48","G30009300004001","Montana",713,6.76003282948126,0,0.0095,0,0.00461274992424482,0.00488725007575388
"49","G30009300001001","Montana",595,0,0,0,0,0.00461274992424482,-0.00461274992424613
"50","G30009300002005","Montana",518,2.03326810476098,0,0.0039,0,0.00461274992424482,-0.000712749924246113
"51","G30009300002004","Montana",624,8.31807935305975,9,0.0133,0.0144,0.0192346200192802,-0.00593462001928146
"52","G30009300002003","Montana",423,0,0,0,0,0.00461274992424482,-0.00461274992424613
"53","G30009300002002","Montana",404,0,0,0,0,0.00461274992424482,-0.00461274992424613
"54","G30009300001004","Montana",553,0,0,0,0,0.00461274992424482,-0.00461274992424613
"55","G30001300019002","Montana",947,0,0,0,0,0.00461274992424482,-0.00461274992424613
"56","G30001300018003","Montana",274,0,0,0,0,0.00461274992424482,-0.00461274992424613
"57","G30001300018004","Montana",593,0,0,0,0,0.00461274992424482,-0.00461274992424613
"58","G30001300017002","Montana",425,4.10243325753077,4,0.0097,0.0094,0.0141575817918374,-0.00445758179183869
"59","G30001300011004","Montana",583,1,0,0.0017,0,0.00461274992424482,-0.00291274992424615
"60","G30001300108001","Montana",489,1,0,0.002,0,0.00461274992424482,-0.00261274992424613
"61","G30009300007003","Montana",578,57.2211431229105,23,0.099,0.0398,0.0450259742146898,0.053974025785309
"62","G30009300002001","Montana",413,0,0,0,0,0.00461274992424482,-0.00461274992424613
"63","G30009300007002","Montana",624,26.5481340486597,25,0.0425,0.0401,0.0453305965083364,-0.00283059650833764
"64","G30009300001003","Montana",465,0.00352433863549632,0,0,0,0.00461274992424482,-0.00461274992424613
"65","G30009300008002","Montana",471,79.6501136678694,26,0.1691,0.0552,0.0606632519552137,0.108436748044785
"66","G30009300005002","Montana",389,5.54539891214659,1,0.0143,0.0026,0.0072528098025151,0.00704719019748359
"67","G30009300005001","Montana",259,3,0,0.0116,0,0.00461274992424482,0.00698725007575387
"68","G30009300006006","Montana",480,146.742809815826,118,0.3057,0.2458,0.254199949185335,0.0515000508146646
"69","G30005900001002","Montana",1006,644.067718811038,394,0.6402,0.3917,0.402347924662117,0.237852075337883
"70","G30005900001001","Montana",426,104.956141756844,80,0.2464,0.1878,0.195306305746998,0.0510936942530014
"71","G30003909617003","Montana",596,46.9499330273156,7,0.0788,0.0117,0.0164930193764611,0.0623069806235377
"72","G30003909617002","Montana",1671,1335.27627132735,1222,0.7991,0.7313,0.747180361070034,0.0519196389299664
"73","G30003909617001","Montana",555,553.892602653082,504,0.998,0.9081,0.926704432792413,0.071295567207588
"74","G30001300002001","Montana",502,0.00561613509480161,0,0,0,0.00461274992424482,-0.00461274992424613
"75","G30001300001002","Montana",444,6.57607146564151,4,0.0148,0.009,0.0137514187336419,0.00104858126635673
"76","G30001300104001","Montana",358,34.168592086472,17,0.0954,0.0475,0.0528446130849518,0.0425553869150471
"77","G30001300104002","Montana",910,740.608565561306,682,0.8139,0.7495,0.765660780217926,0.0482392197820743
"78","G30001300106002","Montana",463,184.531374560988,146,0.3986,0.3153,0.32477078054679,0.0738292194532093
"79","G30001300106001","Montana",918,576.880328744017,490,0.6284,0.5338,0.546637351086042,0.0817626489139578
"80","G30001300106003","Montana",379,136.903984795962,91,0.3612,0.2401,0.24841212560605,0.112787874393949
"81","G30001300107003","Montana",616,518.801495788155,516,0.8422,0.8377,0.855219734550018,-0.013019734550017
"82","G30001300107002","Montana",612,365.186759095964,355,0.5967,0.5801,0.593650725072163,0.00304927492783739
"83","G30001300101001","Montana",698,92.567544710523,99,0.1326,0.1418,0.148597554054524,-0.0159975540545247
"84","G30001300018002","Montana",354,0,0,0,0,0.00461274992424482,-0.00461274992424613
"85","G30009300007001","Montana",522,74.1179138958837,75,0.142,0.1437,0.150526828580952,-0.00852682858095294
"86","G30009300006002","Montana",327,13.7445001781058,10,0.042,0.0306,0.035684223876195,0.00631577612380377
"87","G30009300001005","Montana",369,0,0,0,0,0.00461274992424482,-0.00461274992424613
"88","G30009300006005","Montana",305,71.8246735232607,76,0.2355,0.2492,0.257652335179996,-0.0221523351799965
"89","G30009300005003","Montana",334,6.13958380004106,1,0.0184,0.003,0.00765897286071053,0.0107410271392882
"90","G30009300006001","Montana",371,23.2478313165566,11,0.0627,0.0296,0.0346688162307064,0.0280311837692924
"91","G30009300005004","Montana",335,1.98813055747529,0,0.0059,0,0.00461274992424482,0.00128725007575389
"92","G30009300006004","Montana",400,6.14039820306848,0,0.0154,0,0.00461274992424482,0.0107872500757539
"93","G30009300005006","Montana",378,1.18937686106326,0,0.0031,0,0.00461274992424482,-0.00151274992424614
"94","G30009300003003","Montana",329,9.94890236828696,4,0.0302,0.0122,0.0170007231992053,0.0131992768007934
"95","G30009300003002","Montana",335,6.69654190336083,6,0.02,0.0179,0.0227885467784902,-0.00278854677849145
"96","G30009300003001","Montana",520,6.5702692190882,5,0.0126,0.0096,0.0143606633209351,-0.00176066332093639
"97","G30009300001002","Montana",383,0,0,0,0,0.00461274992424482,-0.00461274992424613
"98","G30009300008003","Montana",321,118.286437073839,47,0.3685,0.1464,0.153268429223771,0.215231570776228
"99","G30001500102002","Montana",573,2.14877777051333,0,0.0038,0,0.00461274992424482,-0.000812749924246102
"100","G30001500103002","Montana",671,234.087045475341,199,0.3489,0.2966,0.305782657576154,0.0431173424238455
"101","G30001500103004","Montana",326,17.0844821088123,247,0.0524,0.7577,0.773987122910932,-0.721587122910932
"102","G30001500103003","Montana",376,188.785235107301,162,0.5021,0.4309,0.442151904365268,0.0599480956347312
"103","G30001500102001","Montana",584,53.1997624136713,45,0.0911,0.0771,0.0829006793914134,0.00819932060858556
"104","G30001500103001","Montana",349,1.81912164363434,2,0.0052,0.0057,0.0104005735035297,-0.00520057350353095
"105","G30006709806001","Montana",15,15.8964468308723,15,1.0598,1,1.02002039541281,0.039779604587189
"106","G30006700001002","Montana",657,563.791850120801,361,0.8581,0.5495,0.562579251120213,0.295520748879787
"107","G30006700001001","Montana",370,310.110998994802,196,0.8381,0.5297,0.542474179739539,0.295625820260461
"108","G30006700004003","Montana",521,436.290746317786,377,0.8374,0.7236,0.739361722199772,0.0980382778002283
"109","G30006700004006","Montana",484,0,0,0,0,0.00461274992424482,-0.00461274992424613
"110","G30003509404004","Montana",342,141.684972379035,137,0.4143,0.4006,0.411385052706965,0.00291494729303472
"111","G30003509800001","Montana",73,54.7589369234394,51,0.7501,0.6986,0.713976531062558,0.0361234689374424
"112","G30003509402003","Montana",272,0.0664255654465252,0,2e-04,0,0.00461274992424482,-0.00441274992424615
"113","G30003509402002","Montana",363,8.82828820439506,8,0.0243,0.022,0.0269517181249933,-0.00265171812499458
"114","G30003509402004","Montana",346,1.85154769326674,3,0.0054,0.0087,0.0134467964399954,-0.00804679643999661
"115","G30003509404001","Montana",564,256.405826828554,336,0.4546,0.5957,0.609491084341784,-0.154891084341784
"116","G30003509404002","Montana",304,94.3023591207315,140,0.3102,0.4605,0.47220797067173,-0.16200797067173
"117","G30003509402001","Montana",687,27.3661076993219,40,0.0398,0.0582,0.0637094748916794,-0.0239094748916807
"118","G30003509760002","Montana",317,0.00955427826757568,0,0,0,0.00461274992424482,-0.00461274992424613
"119","G30003509760003","Montana",343,0.00175617431959935,0,0,0,0.00461274992424482,-0.00461274992424613
"120","G30009300001006","Montana",375,0,0,0,0,0.00461274992424482,-0.00461274992424613
"121","G30009300008004","Montana",598,602.780568789455,457,1.008,0.7642,0.780587272606608,0.227412727393392
"122","G30009300006003","Montana",353,4.49660460302534,3,0.0127,0.0085,0.0132437149108976,-0.000543714910898925
"123","G30009300005005","Montana",356,1.99999993980427,0,0.0056,0,0.00461274992424482,0.000987250075753867
"124","G30009300008005","Montana",624,701.668282257322,521,1.1245,0.8349,0.85237659314265,0.272123406857351
"125","G30009300008001","Montana",504,328.345587717694,313,0.6515,0.621,0.635180897772645,0.016319102227355
"126","G30006700004004","Montana",403,26.5451146792361,27,0.0659,0.067,0.0726450621719788,-0.00674506217198001
"127","G30006700005001","Montana",494,51.1741149445924,40,0.1036,0.081,0.0868607692088188,0.0167392307911801
"128","G30006700004005","Montana",415,1,0,0.0024,0,0.00461274992424482,-0.00221274992424611
"129","G30006700004002","Montana",459,3.06972836749217,0,0.0067,0,0.00461274992424482,0.00208725007575386
"130","G30006700004001","Montana",406,3.30089395188559,0,0.0081,0,0.00461274992424482,0.00348725007575387
"131","G30006700003003","Montana",702,1.01920631267435,0,0.0015,0,0.00461274992424482,-0.00311274992424613
"132","G30008909403001","Montana",327,239.979375627728,163,0.7339,0.4985,0.510793461200296,0.223106538799704
"133","G30008909403002","Montana",750,310.866367778491,250,0.4145,0.3333,0.343048118165584,0.0714518818344152
"134","G30008900001002","Montana",773,389.945694191615,294,0.5045,0.3803,0.390772277503547,0.113727722496453
"135","G30008900001001","Montana",944,685.979702560798,581,0.7267,0.6155,0.629596155722458,0.097103844277542
"136","G30008900002003","Montana",538,333.889829314194,305,0.6206,0.5669,0.580247344151714,0.0403526558482865
"137","G30008900002005","Montana",415,6.64166656002022,19,0.016,0.0458,0.0511184200876212,-0.0351184200876224
"138","G30008900002004","Montana",1080,790.266740842817,642,0.7317,0.5944,0.608171054402649,0.123528945597351
"139","G30008900002002","Montana",887,319.959754425711,174,0.3607,0.1962,0.203835729969102,0.156864270030897
"140","G30008900001003","Montana",337,106.994304564187,92,0.3175,0.273,0.281819037142624,0.0356809628573756
"141","G30008900002001","Montana",627,413.096011020547,339,0.6588,0.5407,0.553643663839913,0.105156336160087
"142","G30003509760004","Montana",475,0.00073378041890461,0,0,0,0.00461274992424482,-0.00461274992424613
"143","G30003509404005","Montana",293,177.848440075367,207,0.607,0.7065,0.721998251461918,-0.114998251461917
"144","G30003509760005","Montana",384,0.96170183496479,0,0.0025,0,0.00461274992424482,-0.00211274992424613
"145","G30003509404003","Montana",307,179.064776092114,217,0.5833,0.7068,0.722302873755564,-0.139002873755564
"146","G30003509760001","Montana",278,129.815021877382,126,0.467,0.4532,0.464795494859663,0.00220450514033624
"147","G30006700003002","Montana",358,6.68270225077118,5,0.0187,0.014,0.0188284569610848,-0.000128456961086017
"148","G30006700003001","Montana",662,145.809296345137,144,0.2203,0.2175,0.225463912818008,-0.00516391281800902
"149","G30006700002003","Montana",707,790.464994552384,597,1.1181,0.8444,0.862022965774791,0.256077034225209
"150","G30006700002002","Montana",1363,1102.00498947161,1016,0.8085,0.7454,0.761497608871423,0.0470023911285776
"151","G30006700002001","Montana",548,509.212724742415,318,0.9292,0.5803,0.59385380660126,0.33534619339874
"152","G30006700005002","Montana",811,745.311795354851,599,0.919,0.7386,0.754592836882101,0.1644071631179
"153","G30005509540001","Montana",620,608.070075681704,537,0.9808,0.8661,0.884057311681893,0.0967426883181078
"154","G30005509540002","Montana",388,30.3701523951771,30,0.0783,0.0773,0.0831037609205111,-0.00480376092051225
"155","G30006300018003","Montana",395,265.08554511816,242,0.6711,0.6127,0.62675301431509,0.0443469856849101
"156","G30006300016004","Montana",753,604.062855036197,644,0.8022,0.8552,0.872989368346068,-0.0707893683460669
"157","G30006300013041","Montana",427,45.9210552898563,42,0.1075,0.0984,0.10452886224032,0.00297113775967908
"158","G30006300003002","Montana",701,2.39972533621654,1,0.0034,0.0014,0.00603432062792882,-0.0026343206279301
"159","G30006300009014","Montana",601,414.459829501186,428,0.6896,0.7121,0.727684534276654,-0.0380845342766532
"160","G30001100003001","Montana",443,121.524502880175,124,0.2743,0.2799,0.288825349896495,-0.0145253498964955
"161","G30001100003002","Montana",367,253.403413006129,300,0.6905,0.8174,0.8346069593466,-0.144106959346599
"162","G30006300002024","Montana",492,172.820284155985,184,0.3513,0.374,0.384375209336969,-0.0330752093369694
"163","G30006300015004","Montana",650,258.572557958722,555,0.3978,0.8538,0.871567797642384,-0.473767797642383
"164","G30006300013025","Montana",409,2.03888461898416,68,0.005,0.1663,0.173475041368994,-0.168475041368995
"165","G30006300013024","Montana",412,1.97062216530451,25,0.0048,0.0607,0.0662479940054009,-0.061447994005402
"166","G30006300013032","Montana",508,8.88047067048813,13,0.0175,0.0256,0.0306071856487521,-0.0131071856487534
"167","G30006300013033","Montana",558,14.0927316105381,18,0.0253,0.0323,0.0374104168735256,-0.0121104168735268
"168","G30006300013043","Montana",493,28.6605358548469,37,0.0581,0.0751,0.0808698641004362,-0.0227698641004374
"169","G30006300015001","Montana",428,441.812955940421,377,1.0323,0.8808,0.898983804070575,0.133316195929426
"170","G30006300013031","Montana",537,21.9684060956443,23,0.0409,0.0428,0.0480721971511555,-0.00717219715115675
"171","G30006300016002","Montana",612,532.840514406098,522,0.8707,0.8529,0.870653930761444,4.60692385567726e-05
"172","G30006300009012","Montana",645,583.684056484906,651,0.9049,1.0093,1.02946368651586,-0.124563686515855
"173","G30006300002022","Montana",368,226.768930715612,145,0.6162,0.394,0.40468336224674,0.211516637753259
"174","G30006300013044","Montana",1022,181.922938377853,530,0.178,0.5186,0.531203154874616,-0.353203154874616
"175","G30006300013042","Montana",576,73.7804140713286,281,0.1281,0.4878,0.499928599393568,-0.371828599393568
"176","G30006300009021","Montana",1067,1022.02430328663,963,0.9578,0.9025,0.921018149977677,0.0367818500223239
"177","G30004109403003","Montana",208,112.716750912013,113,0.5419,0.5433,0.556283723718183,-0.0143837237181834
"178","G30004109403001","Montana",213,50.9074477865075,114,0.239,0.5352,0.548058921789726,-0.309058921789726
"179","G30004109403002","Montana",187,49.6335647613433,98,0.2654,0.5241,0.536787896924803,-0.271387896924803
"180","G30004100403004","Montana",258,159.98957206342,160,0.6201,0.6202,0.634368571656254,-0.0142685716562541
"181","G30004100403001","Montana",355,3.59265489356011,4,0.0101,0.0113,0.0160868563182656,-0.00598685631826689
"182","G30004100403005","Montana",481,0.114466844435946,0,2e-04,0,0.00461274992424482,-0.00441274992424615
"183","G30004100401002","Montana",419,89.6381350963576,90,0.2139,0.2148,0.222722312175189,-0.00882231217518988
"184","G30004100401001","Montana",349,69.0150510954625,69,0.1978,0.1977,0.205358841437335,-0.00755884143733542
"185","G30004100404004","Montana",339,0,0,0,0,0.00461274992424482,-0.00461274992424613
"186","G30004100402001","Montana",300,179.781446638805,190,0.5993,0.6333,0.647670411812154,-0.0483704118121543
"187","G30007100602001","Montana",561,90.6236537001506,77,0.1615,0.1373,0.144028219649825,0.0174717803501739
"188","G30007100602003","Montana",527,414.59139647267,327,0.7867,0.6205,0.634673193949901,0.152026806050099
"189","G30007100602004","Montana",705,431.487967536377,395,0.612,0.5603,0.573545653691489,0.0384543463085109
"190","G30007100602002","Montana",542,6.05797952756909,5,0.0112,0.0092,0.0139545002627396,-0.00275450026274092
"191","G30006300004001","Montana",538,7.03574140125927,70,0.0131,0.1301,0.136717284602307,-0.123617284602308
"192","G30006300004002","Montana",420,61.9581089668861,47,0.1475,0.1119,0.118236865454415,0.0292631345455835
"193","G30006300001001","Montana",978,57.9950546537433,95,0.0593,0.0971,0.103208832301185,-0.0439088323011858
"194","G30006300004003","Montana",293,47.8549115871973,40,0.1633,0.1365,0.143215893533434,0.0200841064665648
"195","G30006300018001","Montana",895,772.612377851101,669,0.8633,0.7475,0.763629964926949,0.0996700350730514
"196","G30006300018002","Montana",981,898.123414932257,922,0.9155,0.9399,0.958994395918949,-0.0434943959189484
"197","G30006300013034","Montana",474,0,0,0,0,0.00461274992424482,-0.00461274992424613
"198","G30006300012001","Montana",385,7.60036528536671,8,0.0197,0.0208,0.025733228950407,-0.00603322895040825
"199","G30006300012002","Montana",572,1.26456793579823,0,0.0022,0,0.00461274992424482,-0.00241274992424615
"200","G30006300012004","Montana",956,4.40317150237489,1,0.0046,0.001,0.00562815756973339,-0.0010281575697347
"201","G30006300012003","Montana",426,6.83778802541849,7,0.0161,0.0164,0.0212654353102573,-0.00516543531025862
"202","G30006300011001","Montana",426,0,0,0,0,0.00461274992424482,-0.00461274992424613
"203","G30006300011002","Montana",714,13.6682289774162,14,0.0191,0.0196,0.0245147397758207,-0.00541473977582202
"204","G30006300011003","Montana",419,0,0,0,0,0.00461274992424482,-0.00461274992424613
"205","G30004100402002","Montana",590,349.198104051719,349,0.5919,0.5915,0.605226372230732,-0.0133263722307324
"206","G30004100404001","Montana",674,109.642682150241,117,0.1627,0.1736,0.18088751718106,-0.018187517181061
"207","G30004100404003","Montana",444,7.92857150607681,8,0.0179,0.018,0.022890087543039,-0.00499008754304035
"208","G30004100405001","Montana",304,0.275443675655416,0,9e-04,0,0.00461274992424482,-0.00371274992424612
"209","G30004100405002","Montana",368,1.53452203568322,2,0.0042,0.0054,0.0100959512098831,-0.00589595120988444
"210","G30004100405003","Montana",362,12.9590238885528,15,0.0358,0.0414,0.0466506264474715,-0.0108506264474727
"211","G30007700001002","Montana",360,430.119812877716,333,1.1948,0.925,0.94386482200117,0.250935177998831
"212","G30007700001001","Montana",690,779.744363896922,614,1.1301,0.8899,0.908224013644521,0.22187598635548
"213","G30007700002001","Montana",336,3.23143409487346,0,0.0096,0,0.00461274992424482,0.00498725007575387
"214","G30007700002005","Montana",394,408.976007228899,318,1.038,0.8071,0.824148260598068,0.213851739401933
"215","G30007700002003","Montana",394,32.0795136310949,27,0.0814,0.0685,0.0741681736402117,0.00723182635978716
"216","G30007700002004","Montana",498,16.4341511650711,13,0.033,0.0261,0.0311148894714964,0.00188511052850229
"217","G30006300010002","Montana",577,13.8577257995989,7,0.024,0.0121,0.0168991824346565,0.00710081756534228
"218","G30006300018004","Montana",1409,748.70292447375,440,0.5314,0.3123,0.321724557610324,0.209675442389675
"219","G30006300002012","Montana",713,10.3661645486925,1,0.0145,0.0014,0.00603432062792882,0.0084656793720699
"220","G30006300002011","Montana",1153,117.248262290229,333,0.1017,0.2888,0.297862477941343,-0.196162477941344
"221","G30006300001002","Montana",688,50.612270396454,36,0.0736,0.0523,0.0577185697832969,0.0158814302167019
"222","G30006300001003","Montana",519,38.8444696255231,9,0.0748,0.0173,0.022179302191197,0.0526206978088018
"223","G30006300016001","Montana",959,894.077322709333,976,0.9323,1.0177,1.03799311073796,-0.105693110737959
"224","G30006300015002","Montana",669,249.228253780361,227,0.3725,0.3393,0.349140564038516,0.0233594359614838
"225","G30006300015003","Montana",853,164.369026341327,222,0.1927,0.2603,0.268923360044919,-0.0762233600449196
"226","G30006300016003","Montana",663,593.481291367298,565,0.8951,0.8522,0.869943145409602,0.0251568545903989
"227","G30006300010001","Montana",643,1,0,0.0016,0,0.00461274992424482,-0.00301274992424614
"228","G30006300010003","Montana",507,11.1693623999453,10,0.022,0.0197,0.0246162805403696,-0.0026162805403708
"229","G30006300009013","Montana",545,548.849285355542,529,1.0071,0.9706,0.990167410635448,0.0169325893645526
"230","G30006300009015","Montana",331,226.744335111632,233,0.685,0.7039,0.719358191583647,-0.034358191583647
"231","G30004100403003","Montana",603,32.707053302168,44,0.0542,0.073,0.0787375080449102,-0.0245375080449114
"232","G30004100404002","Montana",395,13.3292629335317,15,0.0337,0.038,0.0431982404528104,-0.00949824045281157
"233","G30004100403002","Montana",401,149.808224471269,150,0.3736,0.3741,0.384476750101518,-0.0108767501015183
"234","G30007700002002","Montana",433,4.27819515687332,5,0.0099,0.0115,0.0162899378473633,-0.00638993784736458
"235","G30001300022002","Montana",480,104.947952234701,126,0.2186,0.2625,0.271157256864994,-0.0525572568649945
"236","G30001300002003","Montana",672,0,0,0,0,0.00461274992424482,-0.00461274992424613
"237","G30001300018001","Montana",313,0,0,0,0,0.00461274992424482,-0.00461274992424613
"238","G30001300003001","Montana",316,0,0,0,0,0.00461274992424482,-0.00461274992424613
"239","G30001300012001","Montana",575,0.206714579779245,1,4e-04,0.0017,0.00633894292157539,-0.00593894292157667
"240","G30006300009011","Montana",333,272.255626598222,244,0.8176,0.7327,0.748601931773718,0.0689980682262823
"241","G30006300008004","Montana",788,5.94964482527663,2,0.0076,0.0025,0.00715126903796624,0.000448730962032405
"242","G30006300008001","Montana",1046,394.621060021583,625,0.3773,0.5975,0.611318818103664,-0.234018818103664
"243","G30006300007002","Montana",588,0.216274378928353,0,4e-04,0,0.00461274992424482,-0.00421274992424612
"244","G30006300010004","Montana",703,51.7842870410588,76,0.0737,0.1081,0.114378316401559,-0.04067831640156
"245","G30006300005003","Montana",594,7.70194812198084,8,0.013,0.0135,0.0183207531383405,-0.00532075313834177
"246","G30006300005002","Montana",201,2.16426480920547,0,0.0108,0,0.00461274992424482,0.00618725007575385
"247","G30006300005001","Montana",767,1,0,0.0013,0,0.00461274992424482,-0.0033127499242461
"248","G30006300003001","Montana",685,7.83697683805011,7,0.0114,0.0102,0.0149699079082282,-0.00356990790822945
"249","G30006300005004","Montana",836,1.1283288221356,0,0.0013,0,0.00461274992424482,-0.0033127499242461
"250","G30006300002014","Montana",864,45.8639416573986,79,0.0531,0.0914,0.0974210087218999,-0.044321008721901
"251","G30006300002015","Montana",718,3.9055328165658,1,0.0054,0.0014,0.00603432062792882,-0.0006343206279301
"252","G30006300002013","Montana",674,0,0,0,0,0.00461274992424482,-0.00461274992424613
"253","G30007900001001","Montana",673,612.597299823648,582,0.9102,0.8648,0.882737281742758,0.027462718257243
"254","G30001300023001","Montana",990,107.122182630758,86,0.1082,0.0869,0.0928516743172013,0.0153483256827976
"255","G30001300107001","Montana",559,426.103950886243,367,0.7623,0.6565,0.671227869187489,0.0910721308125109
"256","G30001300021003","Montana",755,2.51309705806248,26,0.0033,0.0344,0.0395427729290515,-0.0362427729290527
"257","G30001300001001","Montana",749,0.0167677891197846,0,0,0,0.00461274992424482,-0.00461274992424613
"258","G30001300011001","Montana",415,1,0,0.0024,0,0.00461274992424482,-0.00221274992424611
"259","G30001300021001","Montana",482,95.3112882317172,49,0.1977,0.1017,0.107879707470432,0.0898202925295668
"260","G30001300012002","Montana",596,1.87265176948691,1,0.0031,0.0017,0.00633894292157539,-0.00323894292157669
"261","G30006300001004","Montana",444,2.32185680101687,0,0.0052,0,0.00461274992424482,0.000587250075753855
"262","G30006300014004","Montana",377,320.676998813407,320,0.8506,0.8488,0.866490759414941,-0.0158907594149401
"263","G30006300014005","Montana",363,249.004929645309,246,0.686,0.6777,0.692754511271847,-0.00675451127184655
"264","G30006300014001","Montana",808,789.013046036288,762,0.9765,0.9431,0.962243700384513,0.0142562996154883
"265","G30006300014003","Montana",700,512.847670315255,463,0.7326,0.6614,0.676203366650383,0.056396633349617
"266","G30006300014002","Montana",713,676.762453344701,600,0.9492,0.8415,0.859078283602874,0.0901217163971264
"267","G30006300013022","Montana",515,6.077777190204,0,0.0118,0,0.00461274992424482,0.00718725007575385
"268","G30006300013021","Montana",882,2.22711505405432,0,0.0025,0,0.00461274992424482,-0.00211274992424613
"269","G30006300013023","Montana",401,156.949070647395,71,0.3914,0.1771,0.18444144394027,0.206958556059729
"270","G30006300008002","Montana",523,160.558415340522,239,0.307,0.457,0.46865404391252,-0.16165404391252
"271","G30006300008003","Montana",603,55.0234262559951,68,0.0912,0.1128,0.119150732335355,-0.0279507323353563
"272","G30006300007003","Montana",455,9.72770294863279,14,0.0214,0.0308,0.0358873054052927,-0.014487305405294
"273","G30001300106004","Montana",425,346.887229896046,238,0.8162,0.56,0.573241031397843,0.242958968602157
"274","G30001300019003","Montana",789,4.38074578628692,10,0.0056,0.0127,0.0175084270219496,-0.0119084270219509
"275","G30001300004001","Montana",629,0,0,0,0,0.00461274992424482,-0.00461274992424613
"276","G30001300101002","Montana",478,2.00091469819611,0,0.0042,0,0.00461274992424482,-0.000412749924246146
"277","G30001300101003","Montana",495,14.2925693946788,2,0.0289,0.004,0.00867438050619909,0.0202256194937996
"278","G30001300016005","Montana",367,0,0,0,0,0.00461274992424482,-0.00461274992424613
"279","G30001300016001","Montana",419,0,0,0,0,0.00461274992424482,-0.00461274992424613
"280","G30001300016002","Montana",488,0,0,0,0,0.00461274992424482,-0.00461274992424613
"281","G30006300007001","Montana",373,52.7000451931846,54,0.1413,0.1448,0.151643776990989,-0.0103437769909903
"282","G30006300002023","Montana",1317,230.895839045286,636,0.1753,0.4829,0.494953101930674,-0.319653101930674
"283","G30006300002021","Montana",2475,516.199275746466,1478,0.2086,0.5972,0.611014195810017,-0.402414195810017
"284","G30001300011002","Montana",463,0,0,0,0,0.00461274992424482,-0.00461274992424613
"285","G30001300011003","Montana",427,0,0,0,0,0.00461274992424482,-0.00461274992424613
"286","G30001300010002","Montana",432,0,0,0,0,0.00461274992424482,-0.00461274992424613
"287","G30001300016003","Montana",446,0.157691023485553,0,4e-04,0,0.00461274992424482,-0.00421274992424612
"288","G30001300010001","Montana",474,0,0,0,0,0.00461274992424482,-0.00461274992424613
"289","G30001300009001","Montana",296,0,0,0,0,0.00461274992424482,-0.00461274992424613
"290","G30001300009002","Montana",317,0,0,0,0,0.00461274992424482,-0.00461274992424613
"291","G30001300009003","Montana",545,0,0,0,0,0.00461274992424482,-0.00461274992424613
"292","G30001300009004","Montana",333,0,0,0,0,0.00461274992424482,-0.00461274992424613
"293","G30001300008002","Montana",444,0,0,0,0,0.00461274992424482,-0.00461274992424613
"294","G30008100005002","Montana",642,880.397203943323,593,1.3713,0.9237,0.942544792062034,0.428755207937966
"295","G30008100002023","Montana",615,563.327023608981,504,0.916,0.8195,0.836739315402126,0.0792606845978749
"296","G30008100002021","Montana",858,674.7051310919,870,0.7864,1.014,1.03423610244965,-0.247836102449651
"297","G30008100001003","Montana",629,485.052352601826,565,0.7711,0.8983,0.916753437866625,-0.145653437866624
"298","G30008100004012","Montana",565,248.029933886148,453,0.439,0.8018,0.818766600076978,-0.379766600076977
"299","G30008100004023","Montana",856,815.072208728047,823,0.9522,0.9614,0.980825660296953,-0.0286256602969524
"300","G30004309622022","Montana",770,667.962240568201,449,0.8675,0.5831,0.596696948008628,0.270803051991372
"301","G30004309622021","Montana",371,9.53290657900858,7,0.0257,0.0189,0.0238039544239787,0.00189604557601997
"302","G30004309622012","Montana",634,375.573268141121,299,0.5924,0.4716,0.483478995536653,0.108921004463347
"303","G30004309622011","Montana",853,548.879286201703,402,0.6435,0.4713,0.483174373243007,0.160325626756993
"304","G30009709670003","Montana",362,23.4406726925163,6,0.0648,0.0166,0.021468516839355,0.0433314831606438
"305","G30009709670001","Montana",464,503.064165723229,309,1.0842,0.6659,0.680772701055082,0.403427298944918
"306","G30009709670002","Montana",314,20.1672743631063,9,0.0642,0.0287,0.0337549493497667,0.030445050650232
"307","G30009709670004","Montana",598,700.417399551995,485,1.1713,0.811,0.828108350415473,0.343191649584528
"308","G30009709670005","Montana",410,60.795394887099,20,0.1483,0.0488,0.0541646430240869,0.0941353569759119
"309","G30004900009002","Montana",460,3.02562172234501,0,0.0066,0,0.00461274992424482,0.00198725007575387
"310","G30004900008001","Montana",675,181.20465850132,134,0.2685,0.1985,0.206171167553725,0.0623288324462737
"311","G30004900008004","Montana",687,1.96020230452375,0,0.0029,0,0.00461274992424482,-0.00171274992424611
"312","G30004900008002","Montana",379,1,0,0.0026,0,0.00461274992424482,-0.00201274992424614
"313","G30004900007007","Montana",536,108.125161957489,114,0.2017,0.2127,0.220589956119663,-0.0188899561196639
"314","G30004900007005","Montana",591,21.2799578706326,23,0.036,0.0389,0.0441121073337501,-0.00811210733375131
"315","G30004900007004","Montana",417,9.12334876006102,8,0.0219,0.0192,0.0241085767176253,-0.00220857671762656
"316","G30004900012015","Montana",398,20.0388055845746,19,0.0503,0.0477,0.0530476946140495,-0.00274769461405069
"317","G30004900012011","Montana",300,81.6038092298449,80,0.272,0.2667,0.275421968976046,-0.00342196897604639
"318","G30004900011004","Montana",943,121.753494392425,192,0.1291,0.2036,0.211349746545717,-0.082249746545718
"319","G30003100001033","Montana",1014,8.55222199381953,12,0.0084,0.0118,0.0165945601410099,-0.00819456014101115
"320","G30003100005022","Montana",445,269.151370107119,326,0.6048,0.7326,0.748500391009169,-0.143700391009169
"321","G30003100004002","Montana",790,659.0706481159,740,0.8343,0.9367,0.955745091453386,-0.121445091453385
"322","G30003100012003","Montana",932,245.493109292093,891,0.2634,0.956,0.975342459011315,-0.711942459011314
"323","G30003100002001","Montana",506,376.533118888752,442,0.7441,0.8735,0.891571328258508,-0.147471328258508
"324","G30003100001012","Montana",766,364.018278007956,668,0.4752,0.8721,0.890149757554824,-0.414949757554824
"325","G30003100001013","Montana",471,252.714325075339,433,0.5365,0.9193,0.938076998421885,-0.401576998421884
"326","G30003100005041","Montana",678,270.160249277774,588,0.3985,0.8673,0.885275800856479,-0.486775800856478
"327","G30003100001022","Montana",469,462.036887193653,407,0.9852,0.8678,0.885783504679224,0.0994164953207772
"328","G30003100008003","Montana",383,1,0,0.0026,0,0.00461274992424482,-0.00201274992424614
"329","G30003100009003","Montana",679,45.5212191818427,66,0.067,0.0972,0.103310373065734,-0.0363103730657347
"330","G30003100009002","Montana",667,35.9174978856286,35,0.0538,0.0525,0.0579216513123946,-0.00412165131239573
"331","G30003100003003","Montana",518,55.5871691629667,46,0.1073,0.0888,0.0947809488436296,0.0125190511563693
"332","G30003100003002","Montana",357,35.0728842335665,24,0.0982,0.0672,0.0728481437010765,0.0253518562989223
"333","G30003100007014","Montana",540,7.89915204750294,7,0.0146,0.013,0.0178130493155962,-0.0032130493155975
"334","G30003100007012","Montana",474,1.55113594645701,1,0.0033,0.0021,0.00674510597977081,-0.00344510597977208
"335","G30003100008002","Montana",386,0,0,0,0,0.00461274992424482,-0.00461274992424613
"336","G30008100004011","Montana",451,428.578916877212,361,0.9503,0.8004,0.817345029373294,0.132954970626707
"337","G30008100002014","Montana",297,244.493565664236,256,0.8232,0.862,0.87989414033539,-0.0566941403353891
"338","G30008100002012","Montana",472,54.4814761057883,65,0.1154,0.1377,0.144434382708021,-0.0290343827080215
"339","G30008100002024","Montana",710,817.187612651049,605,1.151,0.8521,0.869841604645053,0.281158395354948
"340","G30008100002022","Montana",661,745.742318010714,670,1.1282,1.0136,1.03382993939146,0.0943700606085443
"341","G30008100001002","Montana",396,371.479574842153,352,0.9381,0.8889,0.907208605999032,0.0308913940009685
"342","G30008100003001","Montana",647,742.80194350311,697,1.1481,1.0773,1.09851140640908,0.0495885935909227
"343","G30008100003002","Montana",813,923.60099068955,742,1.136,0.9127,0.93137530796166,0.20462469203834
"344","G30008100008002","Montana",656,593.788406595586,580,0.9052,0.8841,0.902334649300687,0.00286535069931347
"345","G30008100002013","Montana",486,20.7627978708881,26,0.0427,0.0535,0.0589370589578832,-0.0162370589578843
"346","G30008100002011","Montana",545,591.908519276827,560,1.0861,1.0275,1.04794410566375,0.0381558943362533
"347","G30008100006004","Montana",723,686.450940610121,713,0.9494,0.9862,1.00600776990507,-0.0566077699050689
"348","G30008100006003","Montana",766,659.424208604968,469,0.8609,0.6123,0.626346851256894,0.234553148743105
"349","G30008100006002","Montana",335,330.940366057699,310,0.9879,0.9254,0.944270985059365,0.0436290149406358
"350","G30008100006001","Montana",1178,536.120869889474,984,0.4551,0.8353,0.852782756200845,-0.397682756200844
"351","G30008100005005","Montana",280,30.2561753867022,25,0.1081,0.0893,0.0952886526663739,0.012811347333625
"352","G30006500002002","Montana",573,38.2128177708893,26,0.0667,0.0454,0.0507122570294258,0.015987742970573
"353","G30006500002001","Montana",534,89.5877614708062,83,0.1678,0.1554,0.162407098033168,0.00539290196683086
"354","G30006500001002","Montana",520,482.97539973188,466,0.9288,0.8962,0.914621081811099,0.0141789181889019
"355","G30006500001001","Montana",441,403.911217097709,368,0.9159,0.8345,0.851970430084454,0.0639295699155465
"356","G30006500001003","Montana",586,498.687273767994,413,0.851,0.7048,0.720272058464587,0.130727941535413
"357","G30002700301003","Montana",1166,1009.91805756453,764,0.8661,0.6552,0.669907839248354,0.196192160751646
"358","G30002700302002","Montana",1118,17.2401362840681,13,0.0154,0.0116,0.0163914786119122,-0.000991478611913491
"359","G30002700302003","Montana",1144,45.9038942627969,35,0.0401,0.0306,0.035684223876195,0.00441577612380375
"360","G30002700302001","Montana",1042,274.521487666171,189,0.2635,0.1814,0.188807696815871,0.0746923031841282
"361","G30002700301001","Montana",650,436.802400960058,364,0.672,0.56,0.573241031397843,0.0987589686021575
"362","G30002700301002","Montana",716,402.013811139594,340,0.5615,0.4749,0.486829840766765,0.0746701592332344
"363","G30010100002002","Montana",360,0.000793460562720625,0,0,0,0.00461274992424482,-0.00461274992424613
"364","G30010100001001","Montana",316,11.0833273648466,7,0.0351,0.0222,0.027154799654091,0.00794520034590774
"365","G30010100002001","Montana",358,0.000741441443090514,0,0,0,0.00461274992424482,-0.00461274992424613
"366","G30004900011003","Montana",769,17.8189589177058,22,0.0232,0.0286,0.0336534085852178,-0.0104534085852191
"367","G30004900011002","Montana",556,2.05515010651614,0,0.0037,0,0.00461274992424482,-0.000912749924246146
"368","G30004900011001","Montana",330,1.04761239686814,0,0.0032,0,0.00461274992424482,-0.00141274992424615
"369","G30004900010005","Montana",506,27.5135228381402,6,0.0544,0.0119,0.0166961009055588,0.0377038990944399
"370","G30004900010001","Montana",490,0,0,0,0,0.00461274992424482,-0.00461274992424613
"371","G30004900007003","Montana",382,0,0,0,0,0.00461274992424482,-0.00461274992424613
"372","G30004900009003","Montana",548,1,0,0.0018,0,0.00461274992424482,-0.0028127499242461
"373","G30004900007002","Montana",355,0.980663015992075,0,0.0028,0,0.00461274992424482,-0.0018127499242461
"374","G30004900007001","Montana",496,3.08259027822432,0,0.0062,0,0.00461274992424482,0.00158725007575386
"375","G30004900005022","Montana",889,43.7034826449361,42,0.0492,0.0472,0.0525399907913052,-0.0033399907913064
"376","G30004900005023","Montana",371,5.41230156788779,0,0.0146,0,0.00461274992424482,0.00998725007575387
"377","G30003100007011","Montana",539,1.1050028811378,1,0.0021,0.0019,0.0065420244506731,-0.00444202445067446
"378","G30003100008001","Montana",601,1.36807568754207,0,0.0023,0,0.00461274992424482,-0.0023127499242461
"379","G30003100006002","Montana",743,9.63115337331171,15,0.013,0.0202,0.0251239843631139,-0.0121239843631151
"380","G30003100006001","Montana",583,35.9152729998857,30,0.0616,0.0515,0.056906243666906,0.00469375633309275
"381","G30003100004001","Montana",982,242.106984117141,270,0.2465,0.2749,0.283748311669052,-0.0372483116690526
"382","G30003100009001","Montana",596,1.6262747854628,2,0.0027,0.0034,0.00806513591890595,-0.00536513591890726
"383","G30003100004003","Montana",346,365.95713740096,317,1.0577,0.9162,0.93492923472087,0.122770765279131
"384","G30003100003001","Montana",638,620.477110704193,600,0.9725,0.9404,0.959502099741694,0.0129979002583074
"385","G30001709615002","Montana",493,90.4755260479907,88,0.1835,0.1785,0.185863014643954,-0.00236301464395499
"386","G30001709613002","Montana",401,301.923294167253,327,0.7529,0.8155,0.832677684820171,-0.0797776848201709
"387","G30001709619001","Montana",365,73.5094237068822,52,0.2014,0.1425,0.149308339406366,0.0520916605936334
"388","G30001709613001","Montana",530,418.485024156086,295,0.7896,0.5566,0.569788645403181,0.219811354596819
"389","G30001709618001","Montana",346,1,0,0.0029,0,0.00461274992424482,-0.00171274992424611
"390","G30008100005004","Montana",434,18.1047689821984,12,0.0417,0.0276,0.0326380009397293,0.00906199906026949
"391","G30008100005003","Montana",1034,120.558233558815,135,0.1166,0.1306,0.137224988425052,-0.0206249884250527
"392","G30008100005001","Montana",650,472.399078162584,624,0.7268,0.96,0.979404089593269,-0.252604089593268
"393","G30008100007001","Montana",724,846.812440058326,641,1.1696,0.8854,0.903654679239822,0.265945320760178
"394","G30008100008001","Montana",469,586.04281324068,349,1.2496,0.7441,0.760177578932288,0.489422421067713
"395","G30008100007002","Montana",438,93.4728359930745,83,0.2134,0.1895,0.197032498744328,0.0163675012556708
"396","G30008100004021","Montana",529,598.843459332616,481,1.132,0.9093,0.927922921966999,0.204077078033002
"397","G30008100004022","Montana",1092,1137.80480407052,1054,1.0419,0.9652,0.98468420934981,0.057215790650191
"398","G30008100001001","Montana",632,728.591940018891,587,1.1528,0.9288,0.947723371054026,0.205076628945975
"399","G30010100002003","Montana",316,0.00024304153764481,0,0,0,0.00461274992424482,-0.00461274992424613
"400","G30010100001002","Montana",320,61.9491020377172,64,0.1936,0.2,0.207694279021958,-0.0140942790219592
"401","G30010100002005","Montana",320,35.9809155592346,28,0.1124,0.0875,0.0934609189044944,0.0189390810955045
"402","G30010100002004","Montana",346,0.000267073099150665,0,0,0,0.00461274992424482,-0.00461274992424613
"403","G30004900004003","Montana",297,262.316415459298,264,0.8832,0.8889,0.907208605999032,-0.0240086059990317
"404","G30004900004002","Montana",494,144.248342351382,155,0.292,0.3138,0.323247669078557,-0.0312476690785579
"405","G30004900004001","Montana",559,1.698866235888,1,0.003,0.0018,0.00644048368612424,-0.00344048368612554
"406","G30004900001002","Montana",652,544.018979872897,533,0.8344,0.8175,0.834708500111149,-0.000308500111147979
"407","G30004309623004","Montana",322,33.1274199901085,78,0.1029,0.2422,0.250544481661576,-0.147644481661577
"408","G30004309623001","Montana",421,439.287804423403,238,1.0434,0.5653,0.578622691918932,0.464777308081068
"409","G30004309623002","Montana",561,516.484760461135,506,0.9207,0.902,0.920510446154932,0.000189553845068255
"410","G30004309623003","Montana",418,139.24018833766,100,0.3331,0.2392,0.24749825872511,0.0856017412748891
"411","G30004309622024","Montana",252,74.6914832628814,38,0.2964,0.1508,0.157736222863921,0.138663777136078
"412","G30004309622023","Montana",453,579.981424493116,417,1.2803,0.9205,0.939295487596471,0.34100451240353
"413","G30000100001002","Montana",693,460.863761324946,329,0.665,0.4747,0.486626759237668,0.178373240762332
"414","G30000100003003","Montana",510,13.9519381090543,12,0.0274,0.0235,0.0284748295932262,-0.00107482959322744
"415","G30000100003004","Montana",467,132.156864091525,87,0.283,0.1863,0.193783194278765,0.0892168057212342
"416","G30000100002002","Montana",915,771.717905007494,734,0.8434,0.8022,0.819172763135174,0.0242272368648271
"417","G30005100501002","Montana",514,19.3825617231955,16,0.0377,0.0311,0.0361919276989393,0.00150807230105951
"418","G30005100501001","Montana",529,173.973402458028,186,0.3289,0.3516,0.361630078078025,-0.0327300780780256
"419","G30000700001001","Montana",449,39.5248758015971,40,0.088,0.0891,0.0950855711372762,-0.0070855711372773
"420","G30000700002002","Montana",691,677.619667646941,520,0.9806,0.7525,0.768707003154392,0.211892996845609
"421","G30000700001002","Montana",523,37.6322028433246,29,0.072,0.0554,0.0608663334843114,0.0111336665156874
"422","G30000700002001","Montana",1032,1172.50482325232,913,1.1361,0.8847,0.90294389388798,0.23315610611202
"423","G30000100003001","Montana",570,55.8411513066271,50,0.098,0.0877,0.0936640004335922,0.00433599956640672
"424","G30000100002001","Montana",963,921.474802335783,781,0.9569,0.811,0.828108350415473,0.128791649584528
"425","G30000100003002","Montana",513,29.6360062046558,19,0.0578,0.037,0.0421828328073218,0.015617167192677
"426","G30000100001001","Montana",642,659.382459082419,573,1.0271,0.8925,0.910864073522791,0.11623592647721
"427","G30008300702001","Montana",743,765.783131166994,660,1.0307,0.8883,0.906599361411739,0.124100638588261
"428","G30008300701001","Montana",705,439.872876314217,366,0.6239,0.5191,0.53171085869736,0.0921891413026398
"429","G30008300704001","Montana",494,360.397152932531,315,0.7295,0.6377,0.652138205452304,0.077361794547696
"430","G30008300704002","Montana",393,33.4178496838257,46,0.085,0.117,0.123415444446407,-0.0384154444464082
"431","G30009509665002","Montana",986,988.682498035363,682,1.0027,0.6917,0.706970218308687,0.295729781691313
"432","G30009900001002","Montana",540,156.294720322846,149,0.2894,0.2759,0.28476371931454,0.0046362806854588
"433","G30009900003002","Montana",319,290.481329520036,251,0.9106,0.7868,0.80353548539465,0.107064514605351
"434","G30009900002002","Montana",558,213.295136465965,194,0.3822,0.3477,0.35766998826062,0.0245300117393798
"435","G30009900002001","Montana",263,240.690234747441,244,0.9152,0.9278,0.946707963408537,-0.0315079634085367
"436","G30009900003003","Montana",542,145.021357148259,135,0.2676,0.2491,0.257550794415447,0.0100492055845523
"437","G30009900003001","Montana",391,118.602624401165,137,0.3033,0.3504,0.360411588903439,-0.0571115889034393
"438","G30009900001001","Montana",279,236.436002350546,211,0.8474,0.7563,0.772565552207248,0.0748344477927523
"439","G30008500801001","Montana",420,216.529851968916,187,0.5155,0.4452,0.456672233695755,0.0588277663042447
"440","G30008509400015","Montana",300,0.0288838654230602,0,1e-04,0,0.00461274992424482,-0.00451274992424614
"441","G30008509400013","Montana",388,16.4922170463963,17,0.0425,0.0438,0.0490876047966441,-0.00658760479664527
"442","G30008509400024","Montana",402,9.16061800189574,7,0.0228,0.0174,0.0222808429557459,0.000519157044252861
"443","G30008509400011","Montana",327,357.486783805911,278,1.0932,0.8502,0.867912330118625,0.225287669881376
"444","G30008509400012","Montana",324,29.6573930784618,25,0.0915,0.0772,0.0830022201559622,0.00849777984403663
"445","G30008509400022","Montana",336,443.506553551962,300,1.32,0.8929,0.911270236580987,0.408729763419014
"446","G30008509400023","Montana",502,29.8502463885938,20,0.0595,0.0398,0.0450259742146898,0.014474025785309
"447","G30008509400014","Montana",432,6.9423819686093,4,0.0161,0.0093,0.0140560410272885,0.00204395897271029
"448","G30008509400021","Montana",240,140.863287659585,107,0.5869,0.4458,0.457281478283048,0.129618521716952
"449","G30008500801002","Montana",392,45.3439770016062,40,0.1157,0.102,0.108184329764079,0.00751567023592023
"450","G30007309770005","Montana",479,0.0157341987922063,0,0,0,0.00461274992424482,-0.00461274992424613
"451","G30007309772001","Montana",251,85.9399869820253,111,0.3424,0.4422,0.453626010759289,-0.11122601075929
"452","G30007309772002","Montana",570,228.868628685525,241,0.4015,0.4228,0.433927102436811,-0.0324271024368114
"453","G30007309770002","Montana",301,49.9304072089071,47,0.1659,0.1561,0.16311788338501,0.00278211661498888
"454","G30007309770004","Montana",424,0,0,0,0,0.00461274992424482,-0.00461274992424613
"455","G30007309770003","Montana",255,21.0133854429428,19,0.0824,0.0745,0.0802606195131431,0.00213938048685572
"456","G30007309770001","Montana",379,0.0479246979804301,0,1e-04,0,0.00461274992424482,-0.00451274992424614
"457","G30008300703001","Montana",640,324.496379746209,272,0.507,0.425,0.436160999256886,0.0708390007431138
"458","G30008300704003","Montana",448,80.4662587413344,71,0.1796,0.1585,0.165554861734183,0.0140451382658163
"459","G30008300703002","Montana",572,42.4619457240416,35,0.0742,0.0612,0.0667556978281451,0.00744430217185368
"460","G30008300703003","Montana",555,79.5628417333589,77,0.1434,0.1387,0.145449790353509,-0.00204979035351009
"461","G30007500001001","Montana",640,600.258648749126,563,0.9379,0.8797,0.897866855660537,0.0400331443394631
"462","G30007500001002","Montana",382,107.226256611407,111,0.2807,0.2906,0.299690211703222,-0.0189902117032231
"463","G30009509664003","Montana",583,51.5087986254097,8,0.0884,0.0137,0.0185238346674382,0.0698761653325606
"464","G30009509664002","Montana",316,16.7721948975482,7,0.0531,0.0222,0.027154799654091,0.0259452003459077
"465","G30009509664001","Montana",956,965.128603669183,765,1.0095,0.8002,0.817141947844196,0.192358052155804
"466","G30009509666001","Montana",944,912.439237258173,929,0.9666,0.9841,1.00387541384954,-0.0372754138495427
"467","G30009509665001","Montana",612,78.1801111098802,41,0.1277,0.067,0.0726450621719788,0.05505493782802
"468","G30009509666002","Montana",406,363.599497046155,287,0.8956,0.7069,0.722404414520113,0.173195585479887
"469","G30001709618002","Montana",337,0,0,0,0,0.00461274992424482,-0.00461274992424613
"470","G30001709620003","Montana",360,0,0,0,0,0.00461274992424482,-0.00461274992424613
"471","G30001709619002","Montana",460,5.85594964644748,71,0.0127,0.1543,0.161290149623131,-0.148590149623132
"472","G30001709616002","Montana",351,22.3875033728211,26,0.0638,0.0741,0.0798544564549477,-0.0160544564549488
"473","G30001709616001","Montana",278,28.5974546985797,24,0.1029,0.0863,0.0922424297299082,0.0106575702700907
"474","G30001709620001","Montana",427,7.50858855670463,3,0.0176,0.007,0.0117206034426648,0.00587939655733388
"475","G30002500001003","Montana",439,10.1824985633225,2,0.0232,0.0046,0.00928362509349223,0.0139163749065065
"476","G30002500001001","Montana",491,400.935728238542,364,0.8166,0.7413,0.75733443752492,0.0592655624750807
"477","G30002500001002","Montana",540,16.9844210354433,16,0.0315,0.0296,0.0346688162307064,-0.00316881623070762
"478","G30003300001001","Montana",844,544.762776087362,563,0.6455,0.6671,0.681991190229668,-0.0364911902296679
"479","G30010309635001","Montana",422,255.597644294225,202,0.6057,0.4787,0.490688389819622,0.115011610180378
"480","G30001709620002","Montana",476,5.52345051505752,7,0.0116,0.0147,0.0195392423129268,-0.00793924231292801
"481","G30001709616003","Montana",361,104.079219520825,120,0.2883,0.3324,0.342134251284645,-0.0538342512846451
"482","G30001709615001","Montana",375,71.3832338105541,76,0.1904,0.2027,0.210435879664777,-0.0200358796647782
"483","G30002900010002","Montana",564,0,0,0,0,0.00461274992424482,-0.00461274992424613
"484","G30002900002031","Montana",930,246.814768319475,302,0.2654,0.3247,0.334315612414383,-0.0689156124143831
"485","G30002900013012","Montana",1193,273.400295065091,507,0.2292,0.425,0.436160999256886,-0.206960999256886
"486","G30002900017001","Montana",1299,877.850168243988,779,0.6758,0.5997,0.613552714923739,0.0622472850762614
"487","G30002300003001","Montana",540,68.0338702976346,19,0.126,0.0352,0.0403550990454424,0.0856449009545564
"488","G30002300004002","Montana",382,1.3933016129888,1,0.0036,0.0026,0.0072528098025151,-0.0036528098025164
"489","G30002300004004","Montana",392,0.0160635030087721,0,0,0,0.00461274992424482,-0.00461274992424613
"490","G30002300004003","Montana",497,0.939508499017189,0,0.0019,0,0.00461274992424482,-0.00271274992424611
"491","G30002300005001","Montana",261,240.430375770576,189,0.9212,0.7241,0.739869426022516,0.181330573977484
"492","G30002300005003","Montana",321,385.791496593718,318,1.2018,0.9907,1.01057710430977,0.191222895690232
"493","G30002300005002","Montana",735,719.457773413409,502,0.9789,0.683,0.698136171792936,0.280763828207064
"494","G30002300003003","Montana",552,0,0,0,0,0.00461274992424482,-0.00461274992424613
"495","G30002300004001","Montana",505,96.572035356303,58,0.1912,0.1149,0.121283088390881,0.0699169116091178
"496","G30002900004023","Montana",272,0.108697111631538,0,4e-04,0,0.00461274992424482,-0.00421274992424612
"497","G30002900004014","Montana",473,10.4672678537804,6,0.0221,0.0127,0.0175084270219496,0.00459157297804913
"498","G30002900001002","Montana",1434,761.400315731669,720,0.531,0.5021,0.514448928724054,0.0165510712759454
"499","G30002900003001","Montana",1058,326.147054391836,462,0.3083,0.4367,0.448041268709102,-0.139741268709102
"500","G30002900001003","Montana",1166,755.834262757764,932,0.6482,0.7993,0.816228080963257,-0.168028080963256
"501","G30002900011005","Montana",373,7.57722754945843,6,0.0203,0.0161,0.0209608130166108,-0.000660813016612065
"502","G30002900010001","Montana",539,0,0,0,0,0.00461274992424482,-0.00461274992424613
"503","G30002900006023","Montana",419,350.445047029457,332,0.8364,0.7924,0.809221768209386,0.027178231790615
"504","G30002900004022","Montana",640,76.6731312010413,73,0.1198,0.1141,0.12047076227449,-0.000670762274491361
"505","G30002900008004","Montana",907,97.3883875377329,256,0.1074,0.2822,0.291160787481119,-0.183760787481119
"506","G30002900008002","Montana",401,74.7268105141601,117,0.1864,0.2918,0.300908700877809,-0.114508700877809
"507","G30002900002032","Montana",485,34.4594960118656,26,0.0711,0.0536,0.059038599722432,0.0120614002775668
"508","G30002900006013","Montana",296,303.848365204002,235,1.0265,0.7939,0.810744879677618,0.215755120322382
"509","G30002300003002","Montana",563,0,0,0,0,0.00461274992424482,-0.00461274992424613
"510","G30002300005004","Montana",374,409.698472341805,352,1.0955,0.9412,0.960314425858084,0.135185574141916
"511","G30002900002013","Montana",596,339.679109300851,413,0.5699,0.693,0.708290248247822,-0.138390248247822
"512","G30002900014003","Montana",1125,612.756407704059,557,0.5447,0.4951,0.507341075205635,0.0373589247943653
"513","G30002900012004","Montana",563,168.542596547979,209,0.2994,0.3712,0.381532067929601,-0.0821320679296014
"514","G30002900011004","Montana",426,5.29360919054642,10,0.0124,0.0235,0.0284748295932262,-0.0160748295932274
"515","G30002900012001","Montana",864,165.614287573587,269,0.1917,0.3113,0.320709149964836,-0.129009149964836
"516","G30002900004021","Montana",556,395.887286531897,391,0.712,0.7032,0.718647406231805,-0.00664740623180511
"517","G30002900002012","Montana",415,220.948942043615,268,0.5324,0.6458,0.660363007380762,-0.127963007380761
"518","G30002900002033","Montana",446,12.7978581961227,23,0.0287,0.0516,0.0570077844314549,-0.0283077844314561
"519","G30002900002011","Montana",1176,635.709985190985,845,0.5406,0.7185,0.73418314320778,-0.19358314320778
"520","G30002900013011","Montana",813,230.576334438238,312,0.2836,0.3838,0.394326204262757,-0.110726204262757
"521","G30002900002022","Montana",589,466.385015519732,439,0.7918,0.7453,0.761396068106874,0.0304039318931264
"522","G30002900002021","Montana",550,419.47482666701,508,0.7627,0.9236,0.942443251297486,-0.179743251297485
"523","G30004709403035","Montana",551,0.422664328427842,1,8e-04,0.0018,0.00644048368612424,-0.00564048368612552
"524","G30004709403033","Montana",554,245.373299521937,233,0.4429,0.4206,0.431693205616736,0.0112067943832635
"525","G30004709404003","Montana",329,276.004366960725,185,0.8389,0.5623,0.575576468982466,0.263323531017534
"526","G30004709406004","Montana",493,333.189961274987,363,0.6758,0.7363,0.752257399297477,-0.0764573992974766
"527","G30004709403032","Montana",1581,776.02978276699,836,0.4908,0.5288,0.541560312858599,-0.0507603128585993
"528","G30004709403034","Montana",802,288.147202593381,326,0.3593,0.4065,0.417375957815347,-0.0580759578153478
"529","G30004709403014","Montana",885,241.596284751121,321,0.273,0.3627,0.372901102942948,-0.0999011029429487
"530","G30004709407001","Montana",340,334.988881377736,283,0.9853,0.8324,0.849838074028928,0.135461925971072
"531","G30004709403013","Montana",691,31.5036340343399,53,0.0456,0.0767,0.0824945163332179,-0.0368945163332191
"532","G30004709405003","Montana",463,311.377642632577,332,0.6725,0.7171,0.732761572504096,-0.0602615725040961
"533","G30004709405001","Montana",589,407.04959242805,431,0.6911,0.7317,0.74758652412823,-0.0564865241282291
"534","G30004700002002","Montana",873,382.693502820902,301,0.4384,0.3448,0.354725306088703,0.0836746939112967
"535","G30004709403012","Montana",687,68.8286536865688,86,0.1002,0.1252,0.131741787139413,-0.0315417871394145
"536","G30004709403011","Montana",1092,474.488004565242,590,0.4345,0.5403,0.553237500781718,-0.118737500781718
"537","G30004709406002","Montana",484,59.7070119288778,54,0.1234,0.1116,0.117932243160769,0.00546775683923004
"538","G30004709406003","Montana",381,223.382247004071,279,0.5863,0.7323,0.748195768715523,-0.161895768715522
"539","G30004709405002","Montana",478,40.7664366804843,34,0.0853,0.0711,0.0768082335184819,0.00849176648151691
"540","G30004709405004","Montana",513,6.03256684941676,1,0.0118,0.0019,0.0065420244506731,0.00525797554932552
"541","G30004709404001","Montana",502,232.349381244966,254,0.4628,0.506,0.51840901854146,-0.05560901854146
"542","G30004709404002","Montana",696,154.311698688113,300,0.2217,0.431,0.442253445129817,-0.220553445129818
"543","G30004709403031","Montana",588,332.787332004257,244,0.566,0.415,0.426006922802,0.139993077197999
"544","G30004700001001","Montana",1246,1051.57268684972,1080,0.844,0.8668,0.884768097033735,-0.0407680970337342
"545","G30004709406001","Montana",462,390.896140286438,380,0.8461,0.8225,0.839785538338591,0.00631446166140925
"546","G30004709407002","Montana",506,391.056082231969,404,0.7728,0.7984,0.815314214082317,-0.0425142140823164
"547","G30004700002001","Montana",802,313.89651259644,275,0.3914,0.3429,0.352796031562275,0.038603968437725
"548","G30009100904002","Montana",336,189.370252765898,164,0.5636,0.4881,0.500233221687215,0.0633667783127853
"549","G30009100902002","Montana",472,31.4393193751834,49,0.0666,0.1038,0.110012063525958,-0.0434120635259592
"550","G30009100904001","Montana",345,256.812782989561,210,0.7444,0.6087,0.622691383733136,0.121708616266864
"551","G30009100902003","Montana",555,267.879007633047,287,0.4827,0.5171,0.529680043406383,-0.0469800434063831
"552","G30009100902001","Montana",381,23.4107946043728,19,0.0614,0.0499,0.0552815914341243,0.00611840856587447
"553","G30008700003001","Montana",477,0.0150679587484046,0,0,0,0.00461274992424482,-0.00461274992424613
"554","G30008700003002","Montana",512,6.87886112580004,5,0.0134,0.0098,0.0145637448500328,-0.00116374485003402
"555","G30008700001001","Montana",544,260.809154321761,215,0.4794,0.3952,0.405901851421327,0.073498148578673
"556","G30008700002001","Montana",366,349.556551594922,344,0.9551,0.9399,0.958994395918949,-0.0038943959189483
"557","G30008700001002","Montana",828,1.89526133119151,1,0.0023,0.0012,0.0058312390988311,-0.00353123909883232
"558","G30008709404001","Montana",639,114.612612864871,205,0.1794,0.3208,0.330355522596977,-0.150955522596978
"559","G30008709404002","Montana",309,138.195197039727,125,0.4472,0.4045,0.41534514252437,0.0318548574756293
"560","G30008700002002","Montana",382,228.425686510365,217,0.598,0.5681,0.5814658333263,0.0165341666737
"561","G30002900017002","Montana",10,0.0107264213468944,0,0.0011,0,0.00461274992424482,-0.00351274992424614
"562","G30002900004013","Montana",304,2,0,0.0066,0,0.00461274992424482,0.00198725007575387
"563","G30002900004011","Montana",689,339.018030842184,374,0.492,0.5428,0.555776019895439,-0.0637760198954392
"564","G30002900004012","Montana",1133,406.763592214262,570,0.359,0.5031,0.515464336369543,-0.156464336369543
"565","G30002900003003","Montana",524,23.8198662336192,33,0.0455,0.063,0.0685834315900246,-0.0230834315900257
"566","G30002900003002","Montana",659,223.343234360989,202,0.3389,0.3065,0.315835193266491,0.0230648067335087
"567","G30002900003005","Montana",697,268.269319418447,243,0.3849,0.3486,0.358583855141559,0.0263161448584401
"568","G30002900003004","Montana",633,0.152219800877968,0,2e-04,0,0.00461274992424482,-0.00441274992424615
"569","G30002900001001","Montana",637,81.7194871583361,129,0.1283,0.2025,0.21023279813568,-0.0819327981356806
"570","G30002900014001","Montana",1043,443.261406293809,426,0.425,0.4084,0.419305232341776,0.00569476765822392
"571","G30002900014002","Montana",911,354.820007546267,416,0.3895,0.4566,0.468247880854325,-0.0787478808543249
"572","G30000509402002","Montana",229,68.3189736432797,100,0.2983,0.4367,0.448041268709102,-0.149741268709102
"573","G30000500002003","Montana",429,0.0148535523271956,0,0,0,0.00461274992424482,-0.00461274992424613
"574","G30000500002002","Montana",304,1.68001107881395,2,0.0055,0.0066,0.0113144403844694,-0.00581444038447064
"575","G30000500001002","Montana",368,0.00390793540990929,0,0,0,0.00461274992424482,-0.00461274992424613
"576","G30000509401001","Montana",459,57.7002460884506,81,0.1257,0.1765,0.183832199352977,-0.0581321993529778
"577","G30000500002001","Montana",546,345.018048040674,302,0.6319,0.5531,0.566234718643971,0.0656652813560285
"578","G30000509402001","Montana",241,105.483361419631,114,0.4377,0.473,0.484900566240337,-0.0472005662403374
"579","G30000500001001","Montana",267,233.760502294203,207,0.8755,0.7753,0.791858297471531,0.0836417025284693
"580","G30005300004004","Montana",834,378.101011633863,531,0.4534,0.6367,0.651122797806816,-0.197722797806816
"581","G30005300003004","Montana",596,123.442040578096,395,0.2071,0.6628,0.677624937354067,-0.470524937354067
"582","G30005300004003","Montana",1048,908.184982597414,664,0.8666,0.6336,0.647975034105801,0.218624965894199
"583","G30005300003001","Montana",519,517.614229282379,442,0.9973,0.8516,0.869333900822309,0.127966099177692
"584","G30005300005003","Montana",806,578.121725811684,507,0.7173,0.629,0.643304158936554,0.0739958410634465
"585","G30005300004001","Montana",1242,927.226920665439,768,0.7466,0.6184,0.632540837894375,0.114059162105625
"586","G30005300005001","Montana",931,670.665986054633,448,0.7204,0.4812,0.493226908933343,0.227173091066656
"587","G30005300001003","Montana",667,599.542493953751,522,0.8989,0.7826,0.799270773283598,0.0996292267164029
"588","G30005300002003","Montana",532,14.026725419091,13,0.0264,0.0244,0.0293886964741659,-0.00298869647416709
"589","G30005300003002","Montana",427,101.059270212516,167,0.2367,0.3911,0.401738680074823,-0.165038680074824
"590","G30005300002002","Montana",314,2.35935844180203,1,0.0075,0.0032,0.00786205438980824,-0.000362054389809523
"591","G30005300001001","Montana",825,739.394326062302,688,0.8962,0.8339,0.851361185497161,0.0448388145028396
"592","G30005300002001","Montana",428,51.0660613589951,45,0.1193,0.1051,0.111332093465093,0.00796790653490571
"593","G30005300004002","Montana",647,22.1735917149166,18,0.0343,0.0278,0.032841082468827,0.00145891753117176
"594","G30005300005002","Montana",593,65.3113636023583,48,0.1101,0.0809,0.0867592284442699,0.023340771555729
"595","G30005300003003","Montana",476,195.544823481644,154,0.4108,0.3235,0.333097123239796,0.0777028767602031
"596","G30005300001002","Montana",528,361.308025768644,428,0.6843,0.8106,0.827702187357277,-0.143402187357277
"597","G30002900017005","Montana",852,602.074827838295,601,0.7067,0.7054,0.72088130305188,-0.0141813030518799
"598","G30002900017006","Montana",677,617.254874091432,653,0.9118,0.9645,0.983973423997968,-0.072173423997967
"599","G30002900017004","Montana",683,517.074227967485,463,0.7571,0.6779,0.692957592800944,0.0641424071990557
"600","G30002900017003","Montana",664,625.887595788537,604,0.9426,0.9096,0.928227544260646,0.0143724557393552
"601","G30002900011006","Montana",403,2.76951207229457,1,0.0069,0.0025,0.00715126903796624,-0.000251269037967573
"602","G30002900009004","Montana",425,0.931161452577868,1,0.0022,0.0024,0.00704972827341738,-0.0048497282734187
"603","G30002900007005","Montana",472,60.6777042646269,60,0.1286,0.1271,0.133671061665842,-0.00507106166584276
"604","G30002900007004","Montana",413,20.7590850545224,26,0.0503,0.063,0.0685834315900246,-0.0182834315900257
"605","G30002900012003","Montana",490,375.541445267067,322,0.7664,0.6571,0.671837113774782,0.0945628862252178
"606","G30002900012002","Montana",1039,194.285048659086,606,0.187,0.5833,0.596900029537726,-0.409900029537726
"607","G30002900011003","Montana",326,1.42308894978243,0,0.0044,0,0.00461274992424482,-0.000212749924246112
"608","G30002900011001","Montana",520,0.196828617468896,0,4e-04,0,0.00461274992424482,-0.00421274992424612
"609","G30010700001002","Montana",507,176.197164395178,141,0.3475,0.2781,0.286997616134615,0.0605023838653839
"610","G30010700001001","Montana",690,263.173123199148,288,0.3814,0.4174,0.428443901151173,-0.0470439011511731
"611","G30003700001001","Montana",476,397.991964885409,339,0.8361,0.7122,0.727786075041203,0.108313924958798
"612","G30000309404001","Montana",582,271.984113812211,294,0.4673,0.5052,0.517596692425069,-0.0502966924250692
"613","G30000309407001","Montana",456,261.185631528641,366,0.5728,0.8026,0.819578926193369,-0.246778926193368
"614","G30000309406001","Montana",384,157.619357026078,145,0.4105,0.3776,0.388030676860728,0.0224693231392717
"615","G30000309406002","Montana",425,130.146628909345,207,0.3062,0.4871,0.499217814041726,-0.193017814041726
"616","G30000300001001","Montana",436,35.6449077726875,33,0.0818,0.0757,0.0814791086877294,0.000320891312269459
"617","G30002900011002","Montana",655,4.42304710466263,6,0.0068,0.0092,0.0139545002627396,-0.00715450026274094
"618","G30002900009003","Montana",506,2.31239417169959,0,0.0046,0,0.00461274992424482,-1.27499242461343e-05
"619","G30002900009005","Montana",727,32.0874535649732,58,0.0441,0.0798,0.0856422800342325,-0.0415422800342336
"620","G30002900009001","Montana",986,64.8440856691095,144,0.0658,0.146,0.152862266165576,-0.0870622661655766
"621","G30002900009002","Montana",573,19.1956247368247,27,0.0335,0.0471,0.0524384500267563,-0.0189384500267575
"622","G30002900008003","Montana",862,575.094132965568,763,0.6672,0.8852,0.903451597710725,-0.236251597710724
"623","G30002900008001","Montana",931,274.387642856225,381,0.2947,0.4092,0.420117558458167,-0.125417558458167
"624","G30002900007003","Montana",615,265.950201607808,292,0.4324,0.4748,0.486728300002217,-0.0543283000022168
"625","G30005700001002","Montana",1249,623.869839691342,430,0.4995,0.3443,0.354217602265958,0.145282397734041
"626","G30005700001001","Montana",2632,1092.90609809069,1192,0.4152,0.4529,0.464490872566017,-0.0492908725660172
"627","G30005700003001","Montana",920,853.540700306138,663,0.9278,0.7207,0.736417040027855,0.191382959972145
"628","G30005700002003","Montana",776,762.980959689892,732,0.9832,0.9433,0.96244678191361,0.0207532180863905
"629","G30005700003002","Montana",451,126.625742862045,92,0.2808,0.204,0.211755909603913,0.0690440903960866
"630","G30005700002002","Montana",414,198.910416213688,124,0.4805,0.2995,0.308727339748071,0.171772660251929
"631","G30005700002001","Montana",498,580.411327466143,466,1.1655,0.9357,0.954729683807897,0.210770316192104
"632","G30004900005021","Montana",1279,619.35006995547,1030,0.4842,0.8053,0.822320526836188,-0.338120526836187
"633","G30004900009004","Montana",642,2,0,0.0031,0,0.00461274992424482,-0.00151274992424614
"634","G30004900008003","Montana",295,6.73404400793135,0,0.0228,0,0.00461274992424482,0.0181872500757539
"635","G30004900012021","Montana",764,634.110030519082,768,0.83,1.0052,1.02530051516935,-0.195300515169352
"636","G30001900203002","Montana",638,47.256171571159,37,0.0741,0.058,0.0635063933625817,0.0105936066374171
"637","G30001900203001","Montana",473,454.030015002224,399,0.9599,0.8436,0.8612106396584,0.0986893603416004
"638","G30003100005021","Montana",375,285.224193219632,233,0.7606,0.6213,0.635485520066292,0.125114479933709
"639","G30003100001011","Montana",662,471.710246735936,138,0.7126,0.2085,0.216325244008611,0.496274755991388
"640","G30003100005031","Montana",2769,140.275182941363,2132,0.0507,0.77,0.786476636950442,-0.735776636950441
"641","G30003100015002","Montana",782,541.275910349847,459,0.6922,0.587,0.600657037826034,0.0915429621739663
"642","G30003100011022","Montana",395,0,0,0,0,0.00461274992424482,-0.00461274992424613
"643","G30003100005042","Montana",279,166.714879280433,237,0.5975,0.8495,0.867201544766783,-0.269701544766782
"644","G30003100001021","Montana",533,654.878556562956,491,1.2287,0.9212,0.940006272948313,0.288693727051688
"645","G30003100005012","Montana",469,473.828985450262,447,1.0103,0.9531,0.972397776839398,0.0379022231606026
"646","G30003100001032","Montana",836,3.36521635066983,43,0.004,0.0514,0.0568047029023572,-0.0528047029023584
"647","G30003100002003","Montana",1002,422.476677485243,898,0.4216,0.8962,0.914621081811099,-0.493021081811098
"648","G30003100010023","Montana",312,193.518102064166,149,0.6203,0.4776,0.489571441409585,0.130728558590415
"649","G30003100015001","Montana",969,5.51318836783396,486,0.0057,0.5015,0.513839684136761,-0.508139684136761
"650","G30003100016002","Montana",1598,236.653963058188,482,0.1481,0.3016,0.310859695803597,-0.162759695803597
"651","G30003100011012","Montana",355,4.87673810669329,43,0.0137,0.1211,0.12757861579291,-0.113878615792911
"652","G30003100011013","Montana",197,0.728722335154078,1,0.0037,0.0051,0.00979132891623652,-0.00609132891623787
"653","G30004500001002","Montana",642,327.272672535531,337,0.5098,0.5249,0.537600223041194,-0.0278002230411939
"654","G30004500001001","Montana",694,469.482816932274,512,0.6765,0.7378,0.75378051076571,-0.0772805107657094
"655","G30000309405001","Montana",433,330.281279153024,296,0.7628,0.6836,0.698745416380229,0.0640545836197709
"656","G30000309405002","Montana",278,176.282729716616,170,0.6341,0.6115,0.625534525140504,0.00856547485949633
"657","G30000300001004","Montana",332,320.720907817462,276,0.966,0.8313,0.848721125618891,0.11727887438111
"658","G30000300001002","Montana",758,35.0450005919199,36,0.0462,0.0475,0.0528446130849518,-0.00664461308495291
"659","G30000309407002","Montana",254,24.2923678259303,23,0.0956,0.0906,0.096608682605509,-0.00100868260551013
"660","G30000300001003","Montana",357,8.14525381201086,9,0.0228,0.0252,0.0302010225905567,-0.00740102259055799
"661","G30002900007002","Montana",580,80.0848279536965,92,0.1381,0.1586,0.165656402498732,-0.0275564024987325
"662","G30002900007001","Montana",268,56.9474628468235,41,0.2125,0.153,0.159970119683996,0.0525298803160034
"663","G30002900006012","Montana",562,452.609895676495,494,0.8054,0.879,0.897156070308695,-0.0917560703086948
"664","G30002900006011","Montana",801,340.428497494566,419,0.425,0.5231,0.535772489279314,-0.110772489279315
"665","G30002900013013","Montana",515,423.623750091897,459,0.8226,0.8913,0.909645584348205,-0.087045584348204
"666","G30002900013021","Montana",943,803.490311869943,904,0.8521,0.9586,0.977982518889585,-0.125882518889585
"667","G30002900013023","Montana",599,461.790436706433,501,0.7709,0.8364,0.853899704610882,-0.0829997046108819
"668","G30002900013022","Montana",892,749.11537130166,797,0.8398,0.8935,0.91187948116828,-0.0720794811682788
"669","G30002900006022","Montana",608,560.465915508661,571,0.9218,0.9391,0.958182069802558,-0.0363820698025577
"670","G30002900006021","Montana",568,485.98292100332,499,0.8556,0.8785,0.896648366485951,-0.0410483664859503
"671","G30010900001001","Montana",538,276.222973669482,236,0.5134,0.4387,0.450072084000079,0.0633279159999204
"672","G30002100001001","Montana",378,436.920289785145,387,1.1559,1.0238,1.04418709737544,0.111712902624561
"673","G30002100002001","Montana",270,234.290723384772,211,0.8677,0.7815,0.79815382487356,0.0695461751264405
"674","G30002100003002","Montana",390,6.1607370340525,6,0.0158,0.0154,0.0202500276647688,-0.00445002766477008
"675","G30002100003001","Montana",705,37.2282665307478,39,0.0528,0.0553,0.0607647927197626,-0.00796479271976377
"676","G30002100002002","Montana",291,154.928270679031,145,0.5324,0.4983,0.510590379671198,0.0218096203288019
"677","G30002100002004","Montana",270,8.43338192670681,9,0.0312,0.0333,0.0384258245190141,-0.00722582451901533
"678","G30002100001002","Montana",440,351.694505764799,303,0.7993,0.6886,0.703822454607672,0.095477545392328
"679","G30002100002003","Montana",345,196.932747012056,218,0.5708,0.6319,0.64624884110847,-0.0754488411084704
"680","G30002100003004","Montana",406,0.00587082327161898,0,0,0,0.00461274992424482,-0.00461274992424613
"681","G30002100003005","Montana",355,59.0750018035544,49,0.1664,0.138,0.144739005001667,0.0216609949983319
"682","G30004900012014","Montana",693,163.147553019583,299,0.2354,0.4315,0.442761148952562,-0.207361148952562
"683","G30004900002003","Montana",914,280.72303456308,840,0.3071,0.919,0.937772376128238,-0.630672376128237
"684","G30004900012012","Montana",543,209.945847101172,356,0.3866,0.6556,0.670314002306549,-0.283714002306549
"685","G30004900006002","Montana",419,401.993039797789,417,0.9594,0.9952,1.01514643871447,-0.055746438714466
"686","G30004900005012","Montana",826,673.976508481184,698,0.816,0.845,0.862632210362084,-0.0466322103620836
"687","G30003100010011","Montana",579,37.881389927902,149,0.0654,0.2573,0.265877137108453,-0.200477137108454
"688","G30003100007021","Montana",1564,99.9704605115893,348,0.0639,0.2225,0.230540951045451,-0.166640951045452
"689","G30003100011011","Montana",588,1.02797081028535,31,0.0017,0.0527,0.0581247328414923,-0.0564247328414935
"690","G30003100002002","Montana",2083,590.095988275597,1868,0.2833,0.8968,0.915230326398392,-0.631930326398391
"691","G30003100016001","Montana",666,347.534900292397,275,0.5218,0.4129,0.423874566746474,0.0979254332535254
"692","G30003100005032","Montana",1458,91.329620920505,873,0.0626,0.5988,0.612638848042799,-0.550038848042799
"693","G30003100007022","Montana",1143,72.6845957118078,254,0.0636,0.2222,0.230236328751804,-0.166636328751805
"694","G30003100007013","Montana",276,22.888657569567,53,0.0829,0.192,0.19957101785805,-0.116671017858051
"695","G30003100010012","Montana",773,180.032937764448,202,0.2329,0.2613,0.269938767690407,-0.0370387676904081
"696","G30002100003003","Montana",383,6.93637396091656,7,0.0181,0.0183,0.0231947098366856,-0.00509470983668688
"697","G30004900012022","Montana",579,524.895741646361,381,0.9066,0.658,0.672750980655722,0.233849019344278
"698","G30004900004005","Montana",685,239.871048771036,473,0.3502,0.6905,0.705751729134101,-0.3555517291341
"699","G30004900004004","Montana",513,404.567792350145,357,0.7886,0.6959,0.711234930419739,0.0773650695802615
"700","G30004900012023","Montana",757,751.076303243609,475,0.9922,0.6275,0.641781047468321,0.350418952531679
"701","G30004900012013","Montana",735,434.057644957237,406,0.5906,0.5524,0.565523933292129,0.0250760667078706
"702","G30004900002002","Montana",470,517.026051870069,431,1.1001,0.917,0.935741560837261,0.16435843916274
"703","G30004900006001","Montana",612,644.722941761313,602,1.0535,0.9837,1.00346925079135,0.0500307492086526
"704","G30004900003002","Montana",1230,1354.74590422878,1244,1.1014,1.0114,1.03159604257138,0.0698039574286191
"705","G30004900003001","Montana",851,672.368975245751,612,0.7901,0.7192,0.734893928559622,0.055206071440378
"706","G30004900009001","Montana",380,2.07319512050118,0,0.0055,0,0.00461274992424482,0.000887250075753878
"707","G30004900001001","Montana",1188,1364.21824212772,1114,1.1483,0.9377,0.956760499098874,0.191539500901126
"708","G30004900002001","Montana",606,610.44008557159,501,1.0073,0.8267,0.844050250449643,0.163249749550357
"709","G30004900007006","Montana",342,233.353356014174,206,0.6823,0.6023,0.616192774802009,0.0661072251979912
"710","G30004900005011","Montana",726,732.095732984383,693,1.0084,0.9545,0.973819347543082,0.0345806524569185
"711","G30004900010002","Montana",420,1.98823533815751,0,0.0047,0,0.00461274992424482,8.72500757538547e-05
"712","G30004900010004","Montana",349,3.09649612016298,0,0.0089,0,0.00461274992424482,0.00428725007575389
"713","G30004900010003","Montana",282,2,0,0.0071,0,0.00461274992424482,0.00248725007575387
"714","G30006109646001","Montana",812,585.687387966336,556,0.7213,0.6847,0.699862364790267,0.0214376352097335
"715","G30006109646002","Montana",447,307.425519397598,210,0.6878,0.4698,0.481651261774774,0.206148738225226
"716","G30006109645001","Montana",742,382.889807793297,350,0.516,0.4717,0.483580536301202,0.0324194636987978
"717","G30006109645002","Montana",445,154.179637368869,97,0.3465,0.218,0.225971616640752,0.120528383359247
"718","G30003100010022","Montana",420,78.7329392005267,112,0.1875,0.2667,0.275421968976046,-0.0879219689760464
"719","G30003100010021","Montana",703,28.8156440735682,29,0.041,0.0413,0.0465490856829227,-0.00554908568292392
"720","G30003100010024","Montana",672,36.5009987359123,62,0.0543,0.0923,0.0983348756028396,-0.0440348756028407
"721","G30003100005011","Montana",500,500.282106788942,434,1.0006,0.868,0.885986586208321,0.114613413791679
"722","G30003100012002","Montana",356,446.62321025962,354,1.2546,0.9944,1.01433411259808,0.240265887401925
"723","G30003100012004","Montana",364,391.066042462972,325,1.0744,0.8929,0.911270236580987,0.163129763419014
"724","G30003100012001","Montana",498,321.833995040109,502,0.6463,1.008,1.02814365657672,-0.38184365657672
"725","G30003100005024","Montana",595,384.129798168329,541,0.6456,0.9092,0.92782138120245,-0.282221381202449
"726","G30003100011021","Montana",506,78.5832685282039,58,0.1553,0.1146,0.120978466097235,0.0343215339027643
"727","G30003100005023","Montana",605,305.26608382557,555,0.5046,0.9174,0.936147723895456,-0.431547723895456
"728","G30003100001031","Montana",1304,17.496978023386,69,0.0134,0.0529,0.05832781437059,-0.0449278143705912
"729","G30011100018024","Montana",719,0,0,0,0,0.00461274992424482,-0.00461274992424613
"730","G30011100018013","Montana",450,0.00505924435748183,0,0,0,0.00461274992424482,-0.00461274992424613
"731","G30011100004011","Montana",714,5.38855629540835,8,0.0075,0.0112,0.0159853155537168,-0.00848531555371808
"732","G30011100007062","Montana",376,1,0,0.0027,0,0.00461274992424482,-0.00191274992424615
"733","G30011100002001","Montana",651,0.266983547079508,0,4e-04,0,0.00461274992424482,-0.00421274992424612
"734","G30011100006001","Montana",338,2.04232261060979,0,0.006,0,0.00461274992424482,0.00138725007575388
"735","G30011100014011","Montana",367,286.417414920163,260,0.7804,0.7084,0.723927525988346,0.0564724740116544
"736","G30011109400002","Montana",747,325.152803886154,304,0.4353,0.407,0.417883661638092,0.017416338361908
"737","G30011100007012","Montana",582,3.02236973648362,0,0.0052,0,0.00461274992424482,0.000587250075753855
"738","G30011100019012","Montana",385,11.9542886531255,14,0.0311,0.0364,0.0415735882200287,-0.0104735882200299
"739","G30011100019022","Montana",624,51.9021265859203,29,0.0832,0.0465,0.0518292054394632,0.0313707945605356
"740","G30011100019013","Montana",487,43.8751509585455,39,0.0901,0.0801,0.0859469023278791,0.00415309767211981
"741","G30011100018043","Montana",325,0.0409975521357461,0,1e-04,0,0.00461274992424482,-0.00451274992424614
"742","G30011100015022","Montana",535,312.652686294666,252,0.5844,0.471,0.48286975094936,0.10153024905064
"743","G30011100014014","Montana",659,334.110786809319,322,0.507,0.4886,0.500740925509959,0.00625907449004106
"744","G30011100015021","Montana",650,585.205458185255,581,0.9003,0.8938,0.912184103461926,-0.0118841034619255
"745","G30011100015023","Montana",801,463.34112866534,480,0.5785,0.5993,0.613146551865543,-0.0346465518655432
"746","G30011100008001","Montana",506,69.4506326767247,45,0.1373,0.0889,0.0948824896081785,0.0424175103918204
"747","G30011100018042","Montana",498,5.69961812384159,8,0.0114,0.0161,0.0209608130166108,-0.00956081301661203
"748","G30011100018041","Montana",459,4.55343612793524,4,0.0099,0.0087,0.0134467964399954,-0.00354679643999661
"749","G30011100018032","Montana",534,3.03537083328616,0,0.0057,0,0.00461274992424482,0.00108725007575386
"750","G30011100017021","Montana",477,4.1982519185621,6,0.0088,0.0126,0.0174068862574008,-0.0086068862574021
"751","G30011100017022","Montana",394,0,0,0,0,0.00461274992424482,-0.00461274992424613
"752","G30011100017031","Montana",718,1.51839677851358,2,0.0021,0.0028,0.00745589133161281,-0.00535589133161411
"753","G30011100017041","Montana",531,56.1268658595638,49,0.1057,0.0923,0.0983348756028396,0.00736512439715934
"754","G30011100013003","Montana",626,0,0,0,0,0.00461274992424482,-0.00461274992424613
"755","G30011100013001","Montana",610,0.948669123350835,0,0.0016,0,0.00461274992424482,-0.00301274992424614
"756","G30011100013002","Montana",428,5.09875166824782,6,0.0119,0.014,0.0188284569610848,-0.00692845696108599
"757","G30011100012001","Montana",712,2,0,0.0028,0,0.00461274992424482,-0.0018127499242461
"758","G30011100012002","Montana",616,2,0,0.0032,0,0.00461274992424482,-0.00141274992424615
"759","G30011100011001","Montana",763,0,0,0,0,0.00461274992424482,-0.00461274992424613
"760","G30011100011003","Montana",498,3,0,0.006,0,0.00461274992424482,0.00138725007575388
"761","G30011100011004","Montana",637,2.12152182253527,0,0.0033,0,0.00461274992424482,-0.0013127499242461
"762","G30011100011002","Montana",697,1,0,0.0014,0,0.00461274992424482,-0.00321274992424611
"763","G30011100010001","Montana",673,0,0,0,0,0.00461274992424482,-0.00461274992424613
"764","G30011100010002","Montana",438,1,0,0.0023,0,0.00461274992424482,-0.0023127499242461
"765","G30011100007041","Montana",405,1.36674120642866,1,0.0034,0.0025,0.00715126903796624,-0.00375126903796758
"766","G30011100007052","Montana",525,0,0,0,0,0.00461274992424482,-0.00461274992424613
"767","G30011100007053","Montana",447,0,0,0,0,0.00461274992424482,-0.00461274992424613
"768","G30011100007063","Montana",571,27.1957359613707,41,0.0476,0.0718,0.0775190188703239,-0.029919018870325
"769","G30011100006002","Montana",418,0,0,0,0,0.00461274992424482,-0.00461274992424613
"770","G30011100005003","Montana",569,1,0,0.0018,0,0.00461274992424482,-0.0028127499242461
"771","G30011100004012","Montana",853,3.08612921485896,0,0.0036,0,0.00461274992424482,-0.00101274992424614
"772","G30011100004021","Montana",301,1.0294330745659,0,0.0034,0,0.00461274992424482,-0.00121274992424611
"773","G30011100004022","Montana",777,6.68611605995244,7,0.0086,0.009,0.0137514187336419,-0.00515141873364326
"774","G30011100018031","Montana",376,7.06696103087387,6,0.0188,0.016,0.0208592722520619,-0.00205927225206315
"775","G30011100009024","Montana",645,23.2406648434491,18,0.036,0.0279,0.0329426232333759,0.00305737676662288
"776","G30011100018012","Montana",858,44.8330149274271,58,0.0523,0.0676,0.073254306759272,-0.0209543067592731
"777","G30011100008002","Montana",614,39.1808007711801,28,0.0638,0.0456,0.0509153385585235,0.0128846614414754
"778","G30011100003004","Montana",463,1.92489411123946,1,0.0042,0.0022,0.00684664674431967,-0.00264664674432093
"779","G30011100017042","Montana",1126,82.0469700824908,379,0.0729,0.3366,0.346398963395697,-0.273498963395697
"780","G30011100013004","Montana",554,1.04997284494442,0,0.0019,0,0.00461274992424482,-0.00271274992424611
"781","G30011100013005","Montana",470,1.08787011705282,0,0.0023,0,0.00461274992424482,-0.0023127499242461
"782","G30011100009022","Montana",498,10.4785020608712,11,0.021,0.0221,0.0270532588895422,-0.00605325888954341
"783","G30011100009021","Montana",467,200.315409158335,181,0.4289,0.3876,0.398184753315613,0.0307152466843861
"784","G30011100009023","Montana",405,9.21464625019892,13,0.0228,0.0321,0.0372073353444278,-0.0144073353444291
"785","G30011100009012","Montana",439,1.69282982528898,0,0.0039,0,0.00461274992424482,-0.000712749924246113
"786","G30011100009013","Montana",599,106.460822525455,93,0.1777,0.1553,0.162305557268619,0.0153944427313797
"787","G30011100017043","Montana",540,0.465610710285353,1,9e-04,0.0019,0.0065420244506731,-0.00564202445067444
"788","G30011100007043","Montana",537,83.8608412529484,82,0.1562,0.1527,0.159665497390349,-0.00346549739034999
"789","G30011100008003","Montana",703,55.2881003038292,53,0.0786,0.0754,0.0811744863940828,-0.00257448639408395
"790","G30011100007042","Montana",496,1.07118169237875,0,0.0022,0,0.00461274992424482,-0.00241274992424615
"791","G30011100009011","Montana",428,2,0,0.0047,0,0.00461274992424482,8.72500757538547e-05
"792","G30011100007064","Montana",725,1,0,0.0014,0,0.00461274992424482,-0.00321274992424611
"793","G30011100007061","Montana",373,3.95074265615445,1,0.0106,0.0027,0.00735435056706395,0.00324564943293475
"794","G30011100007025","Montana",806,45.9690347985564,88,0.057,0.1092,0.115495264811596,-0.0584952648115974
"795","G30011100007021","Montana",486,39.0788370608151,34,0.0804,0.07,0.0756912851084445,0.00470871489155431
"796","G30011100007023","Montana",771,140.19004361811,287,0.1818,0.3722,0.38254747557509,-0.20074747557509
"797","G30011100007022","Montana",542,112.381141272454,133,0.2073,0.2454,0.253793786127139,-0.04649378612714
"798","G30011100007011","Montana",849,1.00503110312595,0,0.0012,0,0.00461274992424482,-0.00341274992424615
"799","G30011100007013","Montana",562,20.363411126343,6,0.0362,0.0107,0.0154776117309725,0.0207223882690263
"800","G30011100005001","Montana",614,0,0,0,0,0.00461274992424482,-0.00461274992424613
"801","G30011100003001","Montana",327,8.17490597431405,1,0.025,0.0031,0.00776051362525938,0.0172394863747393
"802","G30011100002002","Montana",884,6.62704303939602,11,0.0075,0.0124,0.0172038047283031,-0.00970380472830436
"803","G30011100003002","Montana",400,1.66350683991879,1,0.0042,0.0025,0.00715126903796624,-0.00295126903796761
"804","G30011100004023","Montana",648,1.3488021729846,0,0.0021,0,0.00461274992424482,-0.00251274992424614
"805","G30011100007051","Montana",573,0,0,0,0,0.00461274992424482,-0.00461274992424613
"806","G30011109400004","Montana",496,44.6594931481508,110,0.09,0.2218,0.229830165693609,-0.13983016569361
"807","G30011100002003","Montana",519,0.558405910718879,0,0.0011,0,0.00461274992424482,-0.00351274992424614
"808","G30011100006003","Montana",315,0,0,0,0,0.00461274992424482,-0.00461274992424613
"809","G30011100018021","Montana",518,7.80360087091816,21,0.0151,0.0405,0.0457367595665318,-0.030636759566533
"810","G30011100017024","Montana",529,1,0,0.0019,0,0.00461274992424482,-0.00271274992424611
"811","G30011100014022","Montana",423,58.5679748736746,138,0.1385,0.3262,0.335838723882615,-0.197338723882616
"812","G30011100014013","Montana",397,374.669736427445,381,0.9438,0.9597,0.979099467299623,-0.0352994672996221
"813","G30011109400005","Montana",615,219.710827595763,241,0.3573,0.3919,0.402551006191214,-0.0452510061912148
"814","G30011100017033","Montana",919,2.80474425664868,5,0.0031,0.0054,0.0100959512098831,-0.00699595120988443
"815","G30011100017032","Montana",911,4.74848178707203,7,0.0052,0.0077,0.0124313887945068,-0.00723138879450803
"816","G30011100019021","Montana",380,256.006468459696,84,0.6737,0.2211,0.229119380341767,0.444580619658232
"817","G30011100019023","Montana",630,46.1853490229829,70,0.0733,0.1111,0.117424539338025,-0.0441245393380257
"818","G30011100019014","Montana",339,1.67960779823902,8,0.005,0.0236,0.028576370357775,-0.0235763703577763
"819","G30011100019011","Montana",775,89.4343756161174,73,0.1154,0.0942,0.100264150129268,0.0151358498707311
"820","G30011100018023","Montana",875,3.37405987316698,2,0.0039,0.0023,0.00694818750886853,-0.00304818750886986
"821","G30011100018022","Montana",716,1,0,0.0014,0,0.00461274992424482,-0.00321274992424611
"822","G30011100014015","Montana",518,430.576372334818,497,0.8312,0.9595,0.978896385770525,-0.147696385770524
"823","G30011100014016","Montana",970,550.5503981147,927,0.5676,0.9557,0.975037836717669,-0.407437836717668
"824","G30011100017023","Montana",380,0.0966572860199983,0,3e-04,0,0.00461274992424482,-0.00431274992424611
"825","G30011109400001","Montana",446,108.22280331938,89,0.2427,0.1996,0.207288115963763,0.0354118840362363
"826","G30011109400003","Montana",676,23.7776258503408,133,0.0352,0.1967,0.204343433791846,-0.169143433791847
"827","G30011100015012","Montana",354,231.426191050066,277,0.6537,0.7825,0.799169232519049,-0.145469232519048
"828","G30011100015011","Montana",795,721.147114605516,670,0.9071,0.8428,0.860398313542009,0.0467016864579912
"829","G30011100015013","Montana",588,364.926023000456,460,0.6206,0.7823,0.798966150989951,-0.17836615098995
"830","G30011100014023","Montana",570,194.152008073569,224,0.3406,0.393,0.403667954601252,-0.0630679546012522
"831","G30011100014012","Montana",794,309.886902697105,302,0.3903,0.3804,0.390873818268096,-0.000573818268096295
"832","G30011100014021","Montana",1050,95.7968710274845,348,0.0912,0.3314,0.341118843639156,-0.249918843639157
"833","G30011100018011","Montana",636,2.94574719202669,0,0.0046,0,0.00461274992424482,-1.27499242461343e-05
